season,no, daytime , night , price_sum 
2022-01-01,1,"6,210,355","13,220,559","19,430,914"
2022-01-02,2,"8,864,089","4,366,437","13,230,526"
2022-01-03,3,"14,542,297","7,642,959","22,185,256"
2022-01-04,4,"15,309,906","8,251,600","23,561,506"
2022-01-05,5,"13,438,396","8,786,440","22,224,836"
2022-01-06,6,"14,079,454","9,069,051","23,148,505"
2022-01-07,7,"15,686,305","9,015,568","24,701,873"
2022-01-08,8,"12,718,612","7,484,032","20,202,644"
2022-01-09,9,"9,036,153","5,151,538","14,187,691"
2022-01-10,10,"14,198,038","8,279,152","22,477,190"
2022-01-11,11,"13,843,664","8,905,580","22,749,244"
2022-01-12,12,"13,877,970","8,528,253","22,406,223"
2022-01-13,13,"15,227,708","9,171,763","24,399,471"
2022-01-14,14,"14,319,815","9,062,998","23,382,813"
2022-01-15,15,"10,377,593","6,366,061","16,743,654"
2022-01-16,16,"10,098,717","5,853,163","15,951,880"
2022-01-17,17,"13,830,784","7,781,478","21,612,262"
2022-01-18,18,"14,212,794","9,133,670","23,346,464"
2022-01-19,19,"12,073,612","8,299,347","20,372,959"
2022-01-20,20,"16,431,488","9,878,619","26,310,107"
2022-01-21,21,"16,431,099","8,815,487","25,246,586"
2022-01-22,22,"14,246,294","7,293,701","21,539,995"
2022-01-23,23,"10,298,122","5,453,010","15,751,132"
2022-01-24,24,"15,360,120","8,458,236","23,818,356"
2022-01-25,25,"14,285,823","8,495,917","22,781,740"
2022-01-26,26,"15,235,389","8,943,662","24,179,051"
2022-01-27,27,"14,804,258","9,791,335","24,595,593"
2022-01-28,28,"17,086,566","9,276,408","26,362,974"
2022-01-29,29,"13,352,376","7,530,748","20,883,124"
2022-01-30,30,"9,132,045","4,992,839","14,124,884"
2022-01-31,31,"7,717,312","961,576","8,678,888"
2022-02-01,32,"2,069,762","7,933,850","10,003,612"
2022-02-02,33,"6,911,422","4,500,557","11,411,979"
2022-02-03,34,"13,505,127","7,276,900","20,782,027"
2022-02-04,35,"14,992,115","8,377,018","23,369,133"
2022-02-05,36,"10,991,122","6,513,851","17,504,973"
2022-02-06,37,"8,705,520","4,782,237","13,487,757"
2022-02-07,38,"13,409,604","8,086,903","21,496,507"
2022-02-08,39,"13,147,783","7,556,426","20,704,209"
2022-02-09,40,"13,557,404","8,824,806","22,382,210"
2022-02-10,41,"12,882,775","9,058,674","21,941,449"
2022-02-11,42,"13,759,117","8,759,260","22,518,377"
2022-02-12,43,"12,610,878","7,325,057","19,935,935"
2022-02-13,44,"7,924,962","4,993,693","12,918,655"
2022-02-14,45,"12,395,745","7,662,421","20,058,166"
2022-02-15,46,"13,987,345","8,600,621","22,587,966"
2022-02-16,47,"14,006,536","8,773,788","22,780,324"
2022-02-17,48,"14,501,059","8,167,351","22,668,410"
2022-02-18,49,"14,944,805","8,313,712","23,258,517"
2022-02-19,50,"12,327,252","7,410,797","19,738,049"
2022-02-20,51,"9,116,822","5,595,970","14,712,792"
2022-02-21,52,"14,472,754","7,866,918","22,339,672"
2022-02-22,53,"14,225,918","8,658,114","22,884,032"
2022-02-23,54,"13,317,646","8,806,443","22,124,089"
2022-02-24,55,"14,076,411","8,700,308","22,776,719"
2022-02-25,56,"15,534,456","7,849,900","23,384,356"
2022-02-26,57,"11,070,216","6,568,132","17,638,348"
2022-02-27,58,"10,648,763","5,746,583","16,395,346"
2022-02-28,59,"13,938,421","1,869,833","15,808,254"
2022-03-01,60,"6,154,336","11,832,624","17,986,960"
2022-03-02,61,"14,240,044","9,216,646","23,456,690"
2022-03-03,62,"13,856,549","7,922,026","21,778,575"
2022-03-04,63,"12,861,693","8,431,746","21,293,439"
2022-03-05,64,"12,282,275","7,860,059","20,142,334"
2022-03-06,65,"8,722,654","5,796,956","14,519,610"
2022-03-07,66,"13,425,180","8,932,086","22,357,266"
2022-03-08,67,"12,814,096","8,881,417","21,695,513"
2022-03-09,68,"8,553,410","4,739,853","13,293,263"
2022-03-10,69,"11,345,831","8,537,987","19,883,818"
2022-03-11,70,"13,093,222","9,003,743","22,096,965"
2022-03-12,71,"10,225,453","7,468,871","17,694,324"
2022-03-13,72,"6,395,275","5,137,878","11,533,153"
2022-03-14,73,"13,001,158","7,974,287","20,975,445"
2022-03-15,74,"14,193,375","8,540,768","22,734,143"
2022-03-16,75,"12,357,636","8,610,432","20,968,068"
2022-03-17,76,"12,376,455","8,944,329","21,320,784"
2022-03-18,77,"12,893,920","8,170,622","21,064,542"
2022-03-19,78,"10,867,827","7,349,164","18,216,991"
2022-03-20,79,"9,654,013","5,546,636","15,200,649"
2022-03-21,80,"13,084,605","8,520,163","21,604,768"
2022-03-22,81,"12,052,959","8,295,747","20,348,706"
2022-03-23,82,"12,900,848","9,180,501","22,081,349"
2022-03-24,83,"13,240,902","8,619,693","21,860,595"
2022-03-25,84,"12,631,694","8,748,081","21,379,775"
2022-03-26,85,"11,063,500","8,244,717","19,308,217"
2022-03-27,86,"9,498,961","6,837,424","16,336,385"
2022-03-28,87,"12,275,999","8,278,640","20,554,639"
2022-03-29,88,"12,252,426","9,932,457","22,184,883"
2022-03-30,89,"11,323,467","8,545,755","19,869,222"
2022-03-31,90,"13,016,833","948,634","13,965,467"
2022-04-01,91,"7,296,984","25,239,926","32,536,910"
2022-04-02,92,"13,613,279","8,883,523","22,496,802"
2022-04-03,93,"9,621,367","6,894,030","16,515,397"
2022-04-04,94,"15,020,510","9,787,410","24,807,920"
2022-04-05,95,"15,308,465","9,529,826","24,838,291"
2022-04-06,96,"13,827,683","9,714,527","23,542,210"
2022-04-07,97,"15,086,795","11,057,671","26,144,466"
2022-04-08,98,"15,002,316","11,054,450","26,056,766"
2022-04-09,99,"12,832,315","8,741,071","21,573,386"
2022-04-10,100, - ,"6,836,772","6,836,772"
2022-04-11,101,"15,323,063","9,267,192","24,590,255"
2022-04-12,102,"12,809,869","9,033,571","21,843,440"
2022-04-13,103,"13,598,329","9,982,300","23,580,629"
2022-04-14,104,"14,611,883","10,738,316","25,350,199"
2022-04-15,105,"15,551,546","10,270,885","25,822,431"
2022-04-16,106,"14,530,295","8,863,054","23,393,349"
2022-04-17,107,"10,414,346","6,302,797","16,717,143"
2022-04-18,108,"14,907,710","9,115,575","24,023,285"
2022-04-19,109,"15,385,160","9,752,664","25,137,824"
2022-04-20,110,"13,919,231","10,360,303","24,279,534"
2022-04-21,111,"14,575,660","10,739,716","25,315,376"
2022-04-22,112,"15,182,159","11,592,139","26,774,298"
2022-04-23,113,"12,774,576","9,519,255","22,293,831"
2022-04-24,114,"10,514,722","7,181,966","17,696,688"
2022-04-25,115,"14,508,757","9,547,774","24,056,531"
2022-04-26,116,"15,358,197","9,944,862","25,303,059"
2022-04-27,117,"15,879,290","9,866,827","25,746,117"
2022-04-28,118,"15,340,542","10,164,467","25,505,009"
2022-04-29,119,"13,920,965","10,817,854","24,738,819"
2022-04-30,120,"12,581,244","1,217,149","13,798,393"
2022-05-01,121,"7,428,532","16,578,696","24,007,228"
2022-05-02,122,"14,992,841","9,119,799","24,112,640"
2022-05-03,123,"14,761,662","9,488,815","24,250,477"
2022-05-04,124,"14,470,264","11,218,114","25,688,378"
2022-05-05,125,"10,776,668","7,226,846","18,003,514"
2022-05-06,126,"13,114,704","9,878,936","22,993,640"
2022-05-07,127,"13,774,005","9,214,399","22,988,404"
2022-05-08,128,"10,084,139","6,749,217","16,833,356"
2022-05-09,129,"14,092,437","9,736,228","23,828,665"
2022-05-10,130,"14,732,137","9,411,231","24,143,368"
2022-05-11,131,"14,807,440","10,103,314","24,910,754"
2022-05-12,132,"15,354,677","9,619,145","24,973,822"
2022-05-13,133,"14,479,641","11,913,808","26,393,449"
2022-05-14,134,"13,245,386","9,407,018","22,652,404"
2022-05-15,135,"10,081,025","5,569,788","15,650,813"
2022-05-16,136,"14,674,242","9,882,754","24,556,996"
2022-05-17,137,"13,792,228","9,588,573","23,380,801"
2022-05-18,138,"14,300,702","10,324,891","24,625,593"
2022-05-19,139,"14,647,119","11,222,541","25,869,660"
2022-05-20,140,"14,885,357","10,377,428","25,262,785"
2022-05-21,141,"12,283,654","8,872,906","21,156,560"
2022-05-22,142,"9,884,591","6,605,255","16,489,846"
2022-05-23,143,"15,138,085","9,510,340","24,648,425"
2022-05-24,144,"14,861,330","10,174,239","25,035,569"
2022-05-25,145,"13,938,093","10,063,456","24,001,549"
2022-05-26,146,"16,490,773","10,654,956","27,145,729"
2022-05-27,147,"15,309,607","11,208,892","26,518,499"
2022-05-28,148,"13,044,139","9,007,802","22,051,941"
2022-05-29,149,"9,518,734","6,931,621","16,450,355"
2022-05-30,150,"14,802,347","8,920,752","23,723,099"
2022-05-31,151,"14,540,795","1,108,055","15,648,850"
2022-06-01,152,"8,602,451","17,984,602","26,587,053"
2022-06-02,153,"13,548,953","9,996,142","23,545,095"
2022-06-03,154,"15,015,506","10,972,034","25,987,540"
2022-06-04,155,"13,149,876","9,654,602","22,804,478"
2022-06-05,156,"7,977,945","6,486,970","14,464,915"
2022-06-06,157,"10,660,161","5,555,106","16,215,267"
2022-06-07,158,"15,857,862","10,335,408","26,193,270"
2022-06-08,159,"14,915,653","10,156,095","25,071,748"
2022-06-09,160,"16,282,380","10,392,962","26,675,342"
2022-06-10,161,"14,640,003","10,444,182","25,084,185"
2022-06-11,162,"14,423,523","9,394,314","23,817,837"
2022-06-12,163,"9,327,111","6,665,928","15,993,039"
2022-06-13,164,"14,940,824","9,706,361","24,647,185"
2022-06-14,165,"14,322,678","10,603,696","24,926,374"
2022-06-15,166,"13,776,290","10,693,132","24,469,422"
2022-06-16,167,"15,702,841","10,660,514","26,363,355"
2022-06-17,168,"15,068,023","10,980,766","26,048,789"
2022-06-18,169,"12,883,639","9,812,075","22,695,714"
2022-06-19,170,"9,664,994","6,813,378","16,478,372"
2022-06-20,171,"13,991,040","10,669,412","24,660,452"
2022-06-21,172,"15,901,771","9,830,240","25,732,011"
2022-06-22,173,"15,220,102","10,367,338","25,587,440"
2022-06-23,174,"14,479,131","8,993,260","23,472,391"
2022-06-24,175,"15,876,427","10,502,238","26,378,665"
2022-06-25,176,"13,085,349","9,440,414","22,525,763"
2022-06-26,177,"10,633,181","7,710,103","18,343,284"
2022-06-27,178,"14,515,161","9,838,681","24,353,842"
2022-06-28,179,"14,626,707","8,683,898","23,310,605"
2022-06-29,180,"14,195,681","7,877,569","22,073,250"
2022-06-30,181,"15,370,334","1,639,178","17,009,512"
2022-07-01,182,"7,720,486","25,819,570","33,540,056"
2022-07-02,183,"12,597,571","9,418,114","22,015,685"
2022-07-03,184,"9,672,248","6,963,102","16,635,350"
2022-07-04,185,"14,429,692","9,504,113","23,933,805"
2022-07-05,186,"14,053,533","9,717,560","23,771,093"
2022-07-06,187,"14,630,262","10,002,555","24,632,817"
2022-07-07,188,"14,685,424","9,056,711","23,742,135"
2022-07-08,189,"15,303,947","9,768,610","25,072,557"
2022-07-09,190,"12,161,014","9,107,596","21,268,610"
2022-07-10,191,"9,742,269","6,627,019","16,369,288"
2022-07-11,192,"14,881,974","8,739,594","23,621,568"
2022-07-12,193,"14,179,580","9,951,468","24,131,048"
2022-07-13,194,"12,641,031","7,987,260","20,628,291"
2022-07-14,195,"15,493,747","10,121,157","25,614,904"
2022-07-15,196,"15,391,569","10,485,520","25,877,089"
2022-07-16,197,"12,542,668","8,795,271","21,337,939"
2022-07-17,198,"9,057,848","7,489,524","16,547,372"
2022-07-18,199,"14,617,672","8,867,925","23,485,597"
2022-07-19,200,"14,479,433","9,308,576","23,788,009"
2022-07-20,201,"12,551,497","9,361,449","21,912,946"
2022-07-21,202,"14,042,205","10,566,112","24,608,317"
2022-07-22,203,"15,289,677","9,927,400","25,217,077"
2022-07-23,204,"12,368,653","7,225,262","19,593,915"
2022-07-24,205,"10,208,534","7,027,552","17,236,086"
2022-07-25,206,"15,064,639","9,133,831","24,198,470"
2022-07-26,207,"14,475,967","9,386,791","23,862,758"
2022-07-27,208,"13,506,441","10,524,246","24,030,687"
2022-07-28,209,"14,937,279","10,507,734","25,445,013"
2022-07-29,210,"14,756,497","10,817,533","25,574,030"
2022-07-30,211,"12,631,396","9,203,828","21,835,224"
2022-07-31,212,"8,230,339","735,119","8,965,458"
2022-08-01,213,"3,928,978","18,359,786","22,288,764"
2022-08-02,214,"11,686,837","6,318,757","18,005,594"
2022-08-03,215,"10,993,906","7,780,853","18,774,759"
2022-08-04,216,"12,188,682","7,125,915","19,314,597"
2022-08-05,217,"13,515,764","7,715,150","21,230,914"
2022-08-06,218,"10,398,675","6,215,615","16,614,290"
2022-08-07,219,"8,504,805","4,405,113","12,909,918"
2022-08-08,220,"12,349,053","5,982,318","18,331,371"
2022-08-09,221,"11,175,083","5,003,570","16,178,653"
2022-08-10,222,"11,343,727","6,883,411","18,227,138"
2022-08-11,223,"12,133,351","7,451,939","19,585,290"
2022-08-12,224,"13,463,303","7,802,605","21,265,908"
2022-08-13,225,"8,178,191","5,967,671","14,145,862"
2022-08-14,226,"7,211,275","4,762,804","11,974,079"
2022-08-15,227,"7,195,858","4,474,213","11,670,071"
2022-08-16,228,"13,074,187","6,220,486","19,294,673"
2022-08-17,229,"13,216,603","6,970,407","20,187,010"
2022-08-18,230,"13,251,166","7,443,904","20,695,070"
2022-08-19,231,"11,549,506","6,369,363","17,918,869"
2022-08-20,232,"11,094,050","6,808,437","17,902,487"
2022-08-21,233,"8,112,554","5,240,523","13,353,077"
2022-08-22,234,"12,216,759","6,687,308","18,904,067"
2022-08-23,235,"13,232,440","7,632,824","20,865,264"
2022-08-24,236,"11,862,970","7,135,924","18,998,894"
2022-08-25,237,"11,666,669","6,647,522","18,314,191"
2022-08-26,238,"13,749,471","7,537,426","21,286,897"
2022-08-27,239,"10,513,091","6,135,304","16,648,395"
2022-08-28,240,"9,033,519","4,896,624","13,930,143"
2022-08-29,241,"11,272,176","6,783,904","18,056,080"
2022-08-30,242,"11,021,611","7,029,823","18,051,434"
2022-08-31,243,"12,105,843","1,084,684","13,190,527"
2022-09-01,244,"5,853,633","17,796,467","23,650,100"
2022-09-02,245,"11,453,723","6,961,366","18,415,089"
2022-09-03,246,"10,400,088","6,335,130","16,735,218"
2022-09-04,247,"6,129,126","4,105,753","10,234,879"
2022-09-05,248,"11,817,554","5,210,966","17,028,520"
2022-09-06,249,"4,548,970","6,865,344","11,414,314"
2022-09-07,250,"12,956,106","7,961,844","20,917,950"
2022-09-08,251,"13,053,840","6,927,665","19,981,505"
2022-09-09,252,"8,680,437","2,944,343","11,624,780"
2022-09-10,253,"6,624,943","3,130,541","9,755,484"
2022-09-11,254,"5,622,007","3,271,468","8,893,475"
2022-09-12,255,"6,050,512","4,001,687","10,052,199"
2022-09-13,256,"11,410,929","7,138,956","18,549,885"
2022-09-14,257,"10,619,896","6,069,029","16,688,925"
2022-09-15,258,"11,369,641","6,215,446","17,585,087"
2022-09-16,259,"10,492,754","6,686,607","17,179,361"
2022-09-17,260,"9,957,771","5,577,729","15,535,500"
2022-09-18,261,"6,339,776","4,346,032","10,685,808"
2022-09-19,262,"12,049,238","6,967,248","19,016,486"
2022-09-20,263,"10,830,246","6,155,460","16,985,706"
2022-09-21,264,"10,861,847","6,397,471","17,259,318"
2022-09-22,265,"11,809,397","6,423,894","18,233,291"
2022-09-23,266,"11,584,324","6,668,466","18,252,790"
2022-09-24,267,"9,518,116","5,347,723","14,865,839"
2022-09-25,268,"8,331,993","4,161,126","12,493,119"
2022-09-26,269,"10,018,265","6,133,491","16,151,756"
2022-09-27,270,"11,425,388","6,439,209","17,864,597"
2022-09-28,271,"10,517,708","6,345,516","16,863,224"
2022-09-29,272,"11,719,883","6,623,384","18,343,267"
2022-09-30,273,"11,361,446","1,115,173","12,476,619"
2022-10-01,274,"5,623,054","15,853,908","21,476,962"
2022-10-02,275,"6,314,336","3,842,334","10,156,670"
2022-10-03,276,"5,676,610","3,633,796","9,310,406"
2022-10-04,277,"11,130,661","7,063,068","18,193,729"
2022-10-05,278,"10,860,249","6,794,088","17,654,337"
2022-10-06,279,"10,136,355","6,661,566","16,797,921"
2022-10-07,280,"11,139,803","7,883,593","19,023,396"
2022-10-08,281,"9,580,214","6,266,343","15,846,557"
2022-10-09,282,"5,932,932","4,141,140","10,074,072"
2022-10-10,283,"7,565,834","3,425,624","10,991,458"
2022-10-11,284,"9,988,858","7,752,574","17,741,432"
2022-10-12,285,"9,868,387","7,055,822","16,924,209"
2022-10-13,286,"11,487,063","6,777,308","18,264,371"
2022-10-14,287,"12,117,366","7,402,496","19,519,862"
2022-10-15,288,"9,237,889","6,417,829","15,655,718"
2022-10-16,289,"7,305,901","4,689,899","11,995,800"
2022-10-17,290,"12,525,501","7,628,919","20,154,420"
2022-10-18,291,"11,978,124","8,051,453","20,029,577"
2022-10-19,292,"11,516,555","7,684,356","19,200,911"
2022-10-20,293,"13,694,096","8,176,432","21,870,528"
2022-10-21,294,"11,479,227","8,454,494","19,933,721"
2022-10-22,295,"10,486,600","7,852,463","18,339,063"
2022-10-23,296,"8,873,821","4,807,147","13,680,968"
2022-10-24,297,"12,704,304","7,131,904","19,836,208"
2022-10-25,298,"12,704,304","7,126,904","19,831,208"
2022-10-26,299,"10,907,754","8,177,359","19,085,113"
2022-10-27,300,"13,238,483","8,419,198","21,657,681"
2022-10-28,301,"12,595,840","8,502,651","21,098,491"
2022-10-29,302,"10,148,333","7,685,811","17,834,144"
2022-10-30,303,"8,160,457","5,357,736","13,518,193"
2022-10-31,304,"12,051,392","979,725","13,031,117"
2022-11-01,305,"5,716,692","18,774,089","24,490,781"
2022-11-02,306,"10,620,676","7,575,061","18,195,737"
2022-11-03,307,"10,651,940","8,581,213","19,233,153"
2022-11-04,308,"13,642,512","8,598,209","22,240,721"
2022-11-05,309,"9,576,231","7,067,107","16,643,338"
2022-11-06,310,"8,380,937","5,580,885","13,961,822"
2022-11-07,311,"12,339,743","7,280,732","19,620,475"
2022-11-08,312,"11,626,533","7,072,970","18,699,503"
2022-11-09,313,"11,824,689","7,971,881","19,796,570"
2022-11-10,314,"13,015,281","7,977,239","20,992,520"
2022-11-11,315,"12,806,131","8,027,716","20,833,847"
2022-11-12,316,"9,995,270","6,823,484","16,818,754"
2022-11-13,317,"8,692,144","4,132,871","12,825,015"
2022-11-14,318,"11,750,931","8,255,264","20,006,195"
2022-11-15,319,"11,751,671","7,287,553","19,039,224"
2022-11-16,320,"11,608,852","7,876,241","19,485,093"
2022-11-17,321,"11,989,130","7,801,629","19,790,759"
2022-11-18,322,"13,286,739","7,888,828","21,175,567"
2022-11-19,323,"10,629,837","6,693,718","17,323,555"
2022-11-20,324,"9,128,917","4,636,046","13,764,963"
2022-11-21,325,"11,871,554","8,278,818","20,150,372"
2022-11-22,326,"12,131,577","7,095,389","19,226,966"
2022-11-23,327,"11,366,119","7,795,443","19,161,562"
2022-11-24,328,"12,007,924","7,407,598","19,415,522"
2022-11-25,329,"14,038,465","8,497,130","22,535,595"
2022-11-26,330,"10,259,666","7,628,696","17,888,362"
2022-11-27,331,"10,159,794","4,679,351","14,839,145"
2022-11-28,332,"11,701,098","6,609,761","18,310,859"
2022-11-29,333,"13,508,976","8,290,753","21,799,729"
2022-11-30,334,"12,484,189","1,370,061","13,854,250"
2022-12-01,335,"5,716,692","18,774,089","24,490,781"
2022-12-02,336,"10,620,676","7,575,061","18,195,737"
2022-12-03,337,"10,651,940","8,581,213","19,233,153"
2022-12-04,338,"13,642,512","8,598,209","22,240,721"
2022-12-05,339,"9,576,231","7,067,107","16,643,338"
2022-12-06,340,"8,380,937","5,580,885","13,961,822"
2022-12-07,341,"12,339,743","7,280,732","19,620,475"
2022-12-08,342,"11,626,533","7,072,970","18,699,503"
2022-12-09,343,"11,824,689","7,971,881","19,796,570"
2022-12-10,344,"13,015,281","7,977,239","20,992,520"
2022-12-11,345,"12,806,131","8,027,716","20,833,847"
2022-12-12,346,"9,995,270","6,823,484","16,818,754"
2022-12-13,347,"8,692,144","4,132,871","12,825,015"
2022-12-14,348,"11,750,931","8,255,264","20,006,195"
2022-12-15,349,"11,751,671","7,287,553","19,039,224"
2022-12-16,350,"11,608,852","7,876,241","19,485,093"
2022-12-17,351,"11,989,130","7,801,629","19,790,759"
2022-12-18,352,"13,286,739","7,888,828","21,175,567"
2022-12-19,353,"10,629,837","6,693,718","17,323,555"
2022-12-20,354,"9,128,917","4,636,046","13,764,963"
2022-12-21,355,"11,871,554","8,278,818","20,150,372"
2022-12-22,356,"12,131,577","7,095,389","19,226,966"
2022-12-23,357,"11,366,119","7,795,443","19,161,562"
2022-12-24,358,"12,007,924","7,407,598","19,415,522"
2022-12-25,359,"14,038,465","8,497,130","22,535,595"
2022-12-26,360,"10,259,666","7,628,696","17,888,362"
2022-12-27,361,"10,159,794","4,679,351","14,839,145"
2022-12-28,362,"11,701,098","6,609,761","18,310,859"
2022-12-29,363,"13,508,976","8,290,753","21,799,729"
2022-12-30,364,"12,484,189","1,370,061","13,854,250"
2022-12-31,365,"12,484,189","1,370,061","13,854,250"
2023-01-01,366,"5,146,091","10,631,902","15,777,993"
2023-01-02,367,"11,278,229","7,342,452","18,620,681"
2023-01-03,368,"12,200,676","7,288,045","19,488,721"
2023-01-04,369,"11,265,144","7,262,011","18,527,155"
2023-01-05,370,"11,365,880","8,090,067","19,455,947"
2023-01-06,371,"12,404,970","7,794,895","20,199,865"
2023-01-07,372,"10,827,014","7,494,236","18,321,250"
2023-01-08,373,"7,974,334","4,483,018","12,457,352"
2023-01-09,374,"11,945,216","7,755,946","19,701,162"
2023-01-10,375,"12,280,787","7,187,551","19,468,338"
2023-01-11,376,"11,102,958","7,798,336","18,901,294"
2023-01-12,377,"12,066,468","7,396,079","19,462,547"
2023-01-13,378,"11,004,838","8,213,550","19,218,388"
2023-01-14,379,"9,243,478","6,966,147","16,209,625"
2023-01-15,380,"8,065,052","4,551,005","12,616,057"
2023-01-16,381,"14,683,143","8,117,435","22,800,578"
2023-01-17,382,"12,050,011","8,178,417","20,228,428"
2023-01-18,383,"12,288,067","8,311,700","20,599,767"
2023-01-19,384,"14,098,151","8,521,933","22,620,084"
2023-01-20,385,"15,663,134","9,574,558","25,237,692"
2023-01-21,386,"10,034,027","5,253,694","15,287,721"
2023-01-22,387,"6,943,000","4,581,808","11,524,808"
2023-01-23,388,"7,030,025","4,861,708","11,891,733"
2023-01-24,389,"6,083,911","6,238,806","12,322,717"
2023-01-25,390,"13,303,791","9,105,273","22,409,064"
2023-01-26,391,"10,386,465","8,481,104","18,867,569"
2023-01-27,392,"13,601,797","10,241,715","23,843,512"
2023-01-28,393,"11,807,035","7,417,331","19,224,366"
2023-01-29,394,"9,979,797","5,667,568","15,647,365"
2023-01-30,395,"13,222,360","8,837,654","22,060,014"
2023-01-31,396,"12,106,119","1,092,842","13,198,961"
2023-02-01,397,"7,361,254","20,356,699","27,717,953"
2023-02-02,398,"12,293,370","8,460,620","20,753,990"
2023-02-03,399,"11,955,248","8,327,923","20,283,171"
2023-02-04,400,"11,706,365","8,067,550","19,773,915"
2023-02-05,401,"8,742,964","4,908,992","13,651,956"
2023-02-06,402,"11,996,432","8,356,854","20,353,286"
2023-02-07,403,"12,193,037","8,375,398","20,568,435"
2023-02-08,404,"12,400,269","9,360,757","21,761,026"
2023-02-09,405,"11,405,931","8,505,082","19,911,013"
2023-02-10,406,"12,723,275","8,876,416","21,599,691"
2023-02-11,407,"11,782,901","8,498,483","20,281,384"
2023-02-12,408,"9,225,058","5,029,953","14,255,011"
2023-02-13,409,"10,851,239","7,590,028","18,441,267"
2023-02-14,410,"11,877,631","8,844,717","20,722,348"
2023-02-15,411,"12,046,866","9,045,788","21,092,654"
2023-02-16,412,"11,053,158","8,214,001","19,267,159"
2023-02-17,413,"12,962,704","9,061,806","22,024,510"
2023-02-18,414,"9,777,448","7,668,892","17,446,340"
2023-02-19,415,"8,253,326","4,800,722","13,054,048"
2023-02-20,416,"11,784,400","8,243,332","20,027,732"
2023-02-21,417,"12,130,464","8,885,865","21,016,329"
2023-02-22,418,"11,871,677","8,699,566","20,571,243"
2023-02-23,419,"12,697,327","8,327,447","21,024,774"
2023-02-24,420,"12,653,607","9,211,978","21,865,585"
2023-02-25,421,"9,793,360","7,885,957","17,679,317"
2023-02-26,422,"9,903,125","5,105,450","15,008,575"
2023-02-27,423,"10,950,637","9,050,717","20,001,354"
2023-02-28,424,"12,980,133","1,552,746","14,532,879"
2023-03-01,425,"7,497,133","10,814,954","18,312,087"
2023-03-02,426,"11,917,930","8,365,317","20,283,247"
2023-03-03,427,"11,322,460","9,631,479","20,953,939"
2023-03-04,428,"10,902,627","8,542,955","19,445,582"
2023-03-05,429,"7,559,167","4,497,870","12,057,037"
2023-03-06,430,"11,341,222","8,731,855","20,073,077"
2023-03-07,431,"10,834,882","8,443,220","19,278,102"
2023-03-08,432,"11,788,125","7,953,030","19,741,155"
2023-03-09,433,"11,491,907","8,710,561","20,202,468"
2023-03-10,434,"12,066,050","9,809,439","21,875,489"
2023-03-11,435,"9,475,998","8,315,590","17,791,588"
2023-03-12,436,"7,591,310","4,720,628","12,311,938"
2023-03-13,437,"11,275,748","8,555,485","19,831,233"
2023-03-14,438,"10,651,305","8,321,744","18,973,049"
2023-03-15,439,"10,577,755","9,547,952","20,125,707"
2023-03-16,440,"11,861,000","8,831,001","20,692,001"
2023-03-17,441,"11,721,170","9,456,458","21,177,628"
2023-03-18,442,"10,465,381","8,805,655","19,271,036"
2023-03-19,443,"6,907,678","5,043,804","11,951,482"
2023-03-20,444,"11,357,902","7,669,389","19,027,291"
2023-03-21,445,"10,455,204","8,727,764","19,182,968"
2023-03-22,446,"9,599,308","8,989,222","18,588,530"
2023-03-23,447,"11,404,122","9,013,527","20,417,649"
2023-03-24,448,"10,796,672","10,371,697","21,168,369"
2023-03-25,449,"9,151,958","9,213,018","18,364,976"
2023-03-26,450,"6,743,118","5,483,997","12,227,115"
2023-03-27,451,"9,499,020","9,018,534","18,517,554"
2023-03-28,452,"10,692,037","8,391,242","19,083,279"
2023-03-29,453,"12,062,790","9,159,170","21,221,960"
2023-03-30,454,"10,795,807","9,415,694","20,211,501"
2023-03-31,455,"11,257,602","1,305,713","12,563,315"
2023-04-01,456,"9,175,976","18,005,435","27,181,411"
2023-04-02,457,"7,608,433","5,113,235","12,721,668"
2023-04-03,458,"11,217,531","8,795,089","20,012,620"
2023-04-04,459,"9,152,910","8,695,395","17,848,305"
2023-04-05,460,"9,758,232","8,959,722","18,717,954"
2023-04-06,461,"10,322,482","9,879,720","20,202,202"
2023-04-07,462,"11,552,111","10,320,207","21,872,318"
2023-04-08,463,"9,873,304","8,786,265","18,659,569"
2023-04-09,464,"7,100,777","5,990,662","13,091,439"
2023-04-10,465,"10,406,212","8,193,112","18,599,324"
2023-04-11,466,"9,874,484","8,348,709","18,223,193"
2023-04-12,467,"11,914,398","9,172,800","21,087,198"
2023-04-13,468,"10,566,282","8,996,504","19,562,786"
2023-04-14,469,"11,392,441","9,697,972","21,090,413"
2023-04-15,470,"9,075,277","8,761,338","17,836,615"
2023-04-16,471,"7,114,825","4,862,217","11,977,042"
2023-04-17,472,"10,928,962","8,755,313","19,684,275"
2023-04-18,473,"11,161,985","8,698,674","19,860,659"
2023-04-19,474,"10,901,287","9,072,987","19,974,274"
2023-04-20,475,"10,716,080","8,910,204","19,626,284"
2023-04-21,476,"12,325,341","9,847,053","22,172,394"
2023-04-22,477,"9,920,619","8,703,739","18,624,358"
2023-04-23,478,"7,109,116","5,241,208","12,350,324"
2023-04-24,479,"10,061,613","8,616,281","18,677,894"
2023-04-25,480,"9,732,185","8,471,680","18,203,865"
2023-04-26,481,"12,568,923","8,742,550","21,311,473"
2023-04-27,482,"10,742,943","9,517,654","20,260,597"
2023-04-28,483,"10,986,304","9,797,906","20,784,210"
2023-04-29,484,"8,726,393","8,853,666","17,580,059"
2023-04-30,485,"7,777,163","1,020,339","8,797,502"
2023-05-01,486,"4,806,475","12,440,940","17,247,415"
2023-05-02,487,"10,983,407","8,756,751","19,740,158"
2023-05-03,488,"9,709,561","9,443,769","19,153,330"
2023-05-04,489,"10,702,853","9,293,003","19,995,856"
2023-05-05,490,"6,493,574","4,736,858","11,230,432"
2023-05-06,491,"7,554,335","8,281,162","15,835,497"
2023-05-07,492,"7,703,931","5,490,824","13,194,755"
2023-05-08,493,"10,905,979","8,450,963","19,356,942"
2023-05-09,494,"10,740,678","8,933,636","19,674,314"
2023-05-10,495,"10,374,102","8,351,067","18,725,169"
2023-05-11,496,"10,851,758","9,818,176","20,669,934"
2023-05-12,497,"11,589,729","10,328,328","21,918,057"
2023-05-13,498,"8,989,747","8,027,776","17,017,523"
2023-05-14,499,"7,563,874","6,017,516","13,581,390"
2023-05-15,500,"10,679,204","8,270,314","18,949,518"
2023-05-16,501,"10,296,001","8,509,568","18,805,569"
2023-05-17,502,"9,928,937","8,973,003","18,901,940"
2023-05-18,503,"10,074,508","9,012,482","19,086,990"
2023-05-19,504,"11,033,808","9,863,167","20,896,975"
2023-05-20,505,"9,757,471","8,959,284","18,716,755"
2023-05-21,506,"7,939,483","6,214,686","14,154,169"
2023-05-22,507,"10,403,627","8,632,745","19,036,372"
2023-05-23,508,"10,892,134","9,055,042","19,947,176"
2023-05-24,509,"11,354,940","8,843,351","20,198,291"
2023-05-25,510,"9,773,926","9,074,246","18,848,172"
2023-05-26,511,"10,852,503","10,848,870","21,701,373"
2023-05-27,512,"7,155,506","5,946,230","13,101,736"
2023-05-28,513,"6,707,695","5,217,609","11,925,304"
2023-05-29,514,"8,713,901","5,596,578","14,310,479"
2023-05-30,515,"10,871,660","9,522,057","20,393,717"
2023-05-31,516,"9,312,179","1,122,309","10,434,488"
2023-06-01,517,"7,042,726","17,793,921","24,836,647"
2023-06-02,518,"11,438,059","9,179,580","20,617,639"
2023-06-03,519,"8,698,913","9,075,683","17,774,596"
2023-06-04,520,"6,714,628","5,178,106","11,892,734"
2023-06-05,521,"10,183,641","8,516,538","18,700,179"
2023-06-06,522,"6,627,281","4,379,291","11,006,572"
2023-06-07,523,"10,386,017","8,164,049","18,550,066"
2023-06-08,524,"10,115,227","7,862,153","17,977,380"
2023-06-09,525,"10,819,514","8,663,740","19,483,254"
2023-06-10,526,"8,663,478","8,348,621","17,012,099"
2023-06-11,527,"6,965,911","5,589,883","12,555,794"
2023-06-12,528,"10,086,157","8,479,918","18,566,075"
2023-06-13,529,"10,037,390","7,839,999","17,877,389"
2023-06-14,530,"10,063,091","8,678,215","18,741,306"
2023-06-15,531,"11,507,800","8,488,980","19,996,780"
2023-06-16,532,"10,627,002","9,979,696","20,606,698"
2023-06-17,533,"9,329,887","8,842,847","18,172,734"
2023-06-18,534,"6,751,519","5,489,519","12,241,038"
2023-06-19,535,"9,811,668","8,809,520","18,621,188"
2023-06-20,536,"10,385,536","7,871,975","18,257,511"
2023-06-21,537,"10,522,895","8,383,485","18,906,380"
2023-06-22,538,"10,758,048","9,012,948","19,770,996"
2023-06-23,539,"11,193,118","10,704,672","21,897,790"
2023-06-24,540,"9,338,406","8,842,258","18,180,664"
2023-06-25,541,"7,629,802","6,394,544","14,024,346"
2023-06-26,542,"9,907,363","8,092,666","18,000,029"
2023-06-27,543,"9,870,669","9,119,609","18,990,278"
2023-06-28,544,"10,833,438","9,327,988","20,161,426"
2023-06-29,545,"10,622,542","9,365,387","19,987,929"
2023-06-30,546,"10,120,108","1,495,203","11,615,311"
2023-07-01,547,"7,741,911","16,896,657","24,638,568"
2023-07-02,548,"6,976,336","5,277,370","12,253,706"
2023-07-03,549,"9,990,506","7,943,784","17,934,290"
2023-07-04,550,"9,687,099","8,152,494","17,839,593"
2023-07-05,551,"8,912,499","8,586,368","17,498,867"
2023-07-06,552,"10,498,643","8,407,513","18,906,156"
2023-07-07,553,"9,867,579","8,674,670","18,542,249"
2023-07-08,554,"7,890,289","7,703,562","15,593,851"
2023-07-09,555,"5,622,159","4,561,703","10,183,862"
2023-07-10,556,"10,353,735","6,548,445","16,902,180"
2023-07-11,557,"9,300,176","7,403,836","16,704,012"
2023-07-12,558,"10,430,679","8,034,192","18,464,871"
2023-07-13,559,"8,877,078","7,419,084","16,296,162"
2023-07-14,560,"10,091,966","8,882,891","18,974,857"
2023-07-15,561,"7,657,057","7,595,220","15,252,277"
2023-07-16,562,"6,288,632","4,994,275","11,282,907"
2023-07-17,563,"9,488,009","7,805,594","17,293,603"
2023-07-18,564,"9,204,689","7,781,760","16,986,449"
2023-07-19,565,"10,815,598","8,149,558","18,965,156"
2023-07-20,566,"10,076,864","8,357,487","18,434,351"
2023-07-21,567,"10,257,972","9,484,646","19,742,618"
2023-07-22,568,"8,160,552","7,630,508","15,791,060"
2023-07-23,569,"5,721,610","5,799,546","11,521,156"
2023-07-24,570,"9,798,800","8,031,768","17,830,568"
2023-07-25,571,"9,889,380","7,617,159","17,506,539"
2023-07-26,572,"9,854,911","8,591,403","18,446,314"
2023-07-27,573,"10,753,299","8,841,617","19,594,916"
2023-07-28,574,"10,734,435","9,395,347","20,129,782"
2023-07-29,575,"7,864,885","8,170,761","16,035,646"
2023-07-30,576,"6,151,475","5,531,187","11,682,662"
2023-07-31,577,"9,511,931","1,193,477","10,705,408"
2023-08-01,578,"6,386,041","18,184,683","24,570,724"
2023-08-02,579,"8,928,044","8,069,867","16,997,911"
2023-08-03,580,"8,975,829","8,459,014","17,434,843"
2023-08-04,581,"10,250,456","8,870,651","19,121,107"
2023-08-05,582,"8,120,175","7,127,770","15,247,945"
2023-08-06,583,"5,941,139","4,775,736","10,716,875"
2023-08-07,584,"10,167,063","7,371,221","17,538,284"
2023-08-08,585,"9,959,067","7,916,711","17,875,778"
2023-08-09,586,"10,154,442","7,866,158","18,020,600"
2023-08-10,587,"8,484,942","5,566,233","14,051,175"
2023-08-11,588,"9,034,107","7,893,688","16,927,795"
2023-08-12,589,"8,175,382","7,114,914","15,290,296"
2023-08-13,590,"6,347,376","5,112,338","11,459,714"
2023-08-14,591,"8,476,065","7,325,068","15,801,133"
2023-08-15,592,"6,364,886","4,536,042","10,900,928"
2023-08-16,593,"10,025,088","8,059,975","18,085,063"
2023-08-17,594,"9,871,026","7,796,349","17,667,375"
2023-08-18,595,"10,095,058","8,854,578","18,949,636"
2023-08-19,596,"8,328,023","8,005,816","16,333,839"
2023-08-20,597,"6,259,402","5,652,395","11,911,797"
2023-08-21,598,"9,415,960","8,101,492","17,517,452"
2023-08-22,599,"9,006,512","7,797,669","16,804,181"
2023-08-23,600,"9,536,923","7,523,342","17,060,265"
2023-08-24,601,"9,001,780","7,782,061","16,783,841"
2023-08-25,602,"9,515,914","9,115,221","18,631,135"
2023-08-26,603,"7,258,443","7,769,002","15,027,445"
2023-08-27,604,"6,655,387","4,577,823","11,233,210"
2023-08-28,605,"9,517,835","7,402,836","16,920,671"
2023-08-29,606,"8,826,340","7,772,989","16,599,329"
2023-08-30,607,"9,083,031","7,963,803","17,046,834"
2023-08-31,608,"9,061,060","1,572,924","10,633,984"
2023-09-01,609,"6,996,647","18,029,597","25,026,244"
2023-09-02,610,"8,059,831","7,925,801","15,985,632"
2023-09-03,611,"5,929,495","4,703,460","10,632,955"
2023-09-04,612,"8,485,556","8,080,183","16,565,739"
2023-09-05,613,"9,591,155","8,566,452","18,157,607"
2023-09-06,614,"9,890,764","8,847,046","18,737,810"
2023-09-07,615,"10,323,302","8,857,505","19,180,807"
2023-09-08,616,"10,348,125","8,345,314","18,693,439"
2023-09-09,617,"7,968,145","7,643,318","15,611,463"
2023-09-10,618,"7,755,182","4,559,256","12,314,438"
2023-09-11,619,"9,690,690","7,544,819","17,235,509"
2023-09-12,620,"9,268,100","7,760,138","17,028,238"
2023-09-13,621,"9,978,692","7,673,884","17,652,576"
2023-09-14,622,"8,748,116","8,799,869","17,547,985"
2023-09-15,623,"9,121,741","8,954,442","18,076,183"
2023-09-16,624,"8,313,400","7,638,626","15,952,026"
2023-09-17,625,"6,279,844","5,689,434","11,969,278"
2023-09-18,626,"10,838,567","8,568,917","19,407,484"
2023-09-19,627,"9,391,785","6,844,686","16,236,471"
2023-09-20,628,"9,593,560","8,088,742","17,682,302"
2023-09-21,629,"10,236,235","8,412,954","18,649,189"
2023-09-22,630,"10,662,003","8,804,957","19,466,960"
2023-09-23,631,"8,377,693","7,822,536","16,200,229"
2023-09-24,632,"7,115,818","5,276,134","12,391,952"
2023-09-25,633,"9,904,896","7,645,042","17,549,938"
2023-09-26,634,"10,042,551","8,473,909","18,516,460"
2023-09-27,635,"11,526,292","8,644,312","20,170,604"
2023-09-28,636,"6,769,882","4,395,076","11,164,958"
2023-09-29,637,"4,439,990","4,634,374","9,074,364"
2023-09-30,638,"5,131,553","860,370","5,991,923"
2023-10-01,639,"4,026,734","8,452,284","12,479,018"
2023-10-02,640,"6,797,536","5,130,939","11,928,475"
2023-10-03,641,"5,702,458","3,888,394","9,590,852"
2023-10-04,642,"8,576,488","8,191,975","16,768,463"
2023-10-05,643,"8,720,112","8,167,261","16,887,373"
2023-10-06,644,"10,250,913","9,444,802","19,695,715"
2023-10-07,645,"7,556,548","8,036,528","15,593,076"
2023-10-08,646,"5,470,880","5,535,937","11,006,817"
2023-10-09,647,"6,487,183","3,892,831","10,380,014"
2023-10-10,648,"10,626,049","7,022,968","17,649,017"
2023-10-11,649,"10,183,707","7,631,263","17,814,970"
2023-10-12,650,"9,333,397","8,141,139","17,474,536"
2023-10-13,651,"11,028,768","9,354,496","20,383,264"
2023-10-14,652,"7,454,682","8,651,775","16,106,457"
2023-10-15,653,"7,251,966","4,909,402","12,161,368"
2023-10-16,654,"10,056,641","7,956,520","18,013,161"
2023-10-17,655,"8,771,270","7,917,796","16,689,066"
2023-10-18,656,"9,565,762","7,966,746","17,532,508"
2023-10-19,657,"9,250,950","8,663,410","17,914,360"
2023-10-20,658,"10,280,203","8,638,472","18,918,675"
2023-10-21,659,"9,217,302","7,418,789","16,636,091"
2023-10-22,660,"7,271,077","5,111,159","12,382,236"
2023-10-23,661,"9,628,235","8,027,341","17,655,576"
2023-10-24,662,"9,288,122","7,882,822","17,170,944"
2023-10-25,663,"9,166,963","7,740,129","16,907,092"
2023-10-26,664,"9,168,153","8,988,401","18,156,554"
2023-10-27,665,"11,061,521","8,990,262","20,051,783"
2023-10-28,666,"9,244,430","8,419,545","17,663,975"
2023-10-29,667,"7,183,863","4,714,016","11,897,879"
2023-10-30,668,"9,535,368","8,048,839","17,584,207"
2023-10-31,669,"8,975,749","1,203,082","10,178,831"
2023-11-01,670,"7,158,997","15,901,701","23,060,698"
2023-11-02,671,"9,521,211","8,829,924","18,351,135"
2023-11-03,672,"9,982,748","9,065,655","19,048,403"
2023-11-04,673,"8,399,988","8,295,901","16,695,889"
2023-11-05,674,"5,319,849","4,574,562","9,894,411"
2023-11-06,675,"9,932,082","7,412,721","17,344,803"
2023-11-07,676,"10,662,659","8,298,436","18,961,095"
2023-11-08,677,"10,259,774","7,887,906","18,147,680"
2023-11-09,678,"9,453,991","8,820,415","18,274,406"
2023-11-10,679,"10,844,435","9,270,526","20,114,961"
2023-11-11,680,"9,059,591","9,105,275","18,164,866"
2023-11-12,681,"6,488,222","5,123,194","11,611,416"
2023-11-13,682,"9,008,870","8,698,545","17,707,415"
2023-11-14,683,"8,957,595","8,665,766","17,623,361"
2023-11-15,684,"10,612,914","8,642,594","19,255,508"
2023-11-16,685,"9,725,045","9,576,067","19,301,112"
2023-11-17,686,"10,842,678","9,263,644","20,106,322"
2023-11-18,687,"8,549,989","9,080,188","17,630,177"
2023-11-19,688,"6,864,591","5,567,949","12,432,540"
2023-11-20,689,"9,329,732","7,638,178","16,967,910"
2023-11-21,690,"9,627,057","7,795,931","17,422,988"
2023-11-22,691,"10,920,005","8,506,380","19,426,385"
2023-11-23,692,"10,476,842","8,986,379","19,463,221"
2023-11-24,693,"10,905,656","8,940,743","19,846,399"
2023-11-25,694,"8,752,490","8,939,350","17,691,840"
2023-11-26,695,"6,955,444","5,827,568","12,783,012"
2023-11-27,696,"10,403,633","8,503,005","18,906,638"
2023-11-28,697,"9,598,644","8,577,590","18,176,234"
2023-11-29,698,"10,404,507","9,607,148","20,011,655"
2023-11-30,699,"9,869,364","1,084,350","10,953,714"
2023-12-01,700,"8,547,012","18,925,437","27,472,449"
2023-12-02,701,"9,015,340","8,017,785","17,033,125"
2023-12-03,702,"7,468,061","4,117,997","11,586,058"
2023-12-04,703,"10,812,508","8,571,451","19,383,959"
2023-12-05,704,"9,639,191","8,465,845","18,105,036"
2023-12-06,705,"10,398,429","8,964,288","19,362,717"
2023-12-07,706,"10,210,361","8,949,396","19,159,757"
2023-12-08,707,"11,254,964","9,206,595","20,461,559"
2023-12-09,708,"8,523,418","8,752,175","17,275,593"
2023-12-10,709,"6,015,648","4,540,632","10,556,280"
2023-12-11,710,"9,831,296","8,952,653","18,783,949"
2023-12-12,711,"10,341,457","8,825,347","19,166,804"
2023-12-13,712,"10,832,522","8,759,851","19,592,373"
2023-12-14,713,"8,597,549","8,811,416","17,408,965"
2023-12-15,714,"10,563,844","10,375,451","20,939,295"
2023-12-16,715,"9,017,501","9,313,670","18,331,171"
2023-12-17,716,"6,388,201","6,371,469","12,759,670"
2023-12-18,717,"10,173,338","9,618,148","19,791,486"
2023-12-19,718,"10,523,086","8,900,476","19,423,562"
2023-12-20,719,"10,102,491","9,170,819","19,273,310"
2023-12-21,720,"11,842,931","9,824,289","21,667,220"
2023-12-22,721,"12,002,846","9,817,825","21,820,671"
2023-12-23,722,"9,436,423","8,307,439","17,743,862"
2023-12-24,723,"6,640,750","5,368,714","12,009,464"
2023-12-25,724,"6,010,519","4,622,959","10,633,478"
2023-12-26,725,"11,186,847","8,259,156","19,446,003"
2023-12-27,726,"10,623,081","9,275,240","19,898,321"
2023-12-28,727,"9,853,223","9,103,406","18,956,629"
2023-12-29,728,"10,438,921","9,261,013","19,699,934"
2023-12-30,729,"7,473,460","8,164,140","15,637,600"
2023-12-31,730,"5,934,167","1,106,001","7,040,168"
2024-01-01,731,"5,012,802","8,146,065","13,158,867"
2024-01-02,732,"9,750,455","7,326,795","17,077,250"
2024-01-03,733,"9,617,013","8,550,031","18,167,044"
2024-01-04,734,"10,567,518","8,370,455","18,937,973"
2024-01-05,735,"9,232,083","9,300,968","18,533,051"
2024-01-06,736,"8,576,441","8,024,846","16,601,287"
2024-01-07,737,"5,957,963","5,064,246","11,022,209"
2024-01-08,738,"10,495,687","7,960,248","18,455,935"
2024-01-09,739,"7,931,414","7,760,457","15,691,871"
2024-01-10,740,"11,060,527","7,508,656","18,569,183"
2024-01-11,741,"10,766,826","8,216,658","18,983,484"
2024-01-12,742,"10,032,386","9,458,565","19,490,951"
2024-01-13,743,"8,476,476","8,297,554","16,774,030"
2024-01-14,744,"5,300,562","4,872,247","10,172,809"
2024-01-15,745,"11,160,467","7,460,688","18,621,155"
2024-01-16,746,"9,712,224","8,147,388","17,859,612"
2024-01-17,747,"9,211,099","9,007,344","18,218,443"
2024-01-18,748,"10,698,849","8,406,372","19,105,221"
2024-01-19,749,"11,061,767","8,573,438","19,635,205"
2024-01-20,750,"8,623,821","8,036,310","16,660,131"
2024-01-21,751,"7,560,400","4,809,080","12,369,480"
2024-01-22,752,"9,954,279","8,433,377","18,387,656"
2024-01-23,753,"8,298,329","8,475,063","16,773,392"
2024-01-24,754,"10,795,637","8,394,304","19,189,941"
2024-01-25,755,"10,021,825","8,391,706","18,413,531"
2024-01-26,756,"10,912,578","8,997,845","19,910,423"
2024-01-27,757,"8,587,384","8,375,804","16,963,188"
2024-01-28,758,"6,780,934","4,707,200","11,488,134"
2024-01-29,759,"9,538,540","7,743,887","17,282,427"
2024-01-30,760,"10,317,222","7,999,838","18,317,060"
2024-01-31,761,"9,899,782","1,192,165","11,091,947"
2024-02-01,762,"7,596,086","17,638,881","25,234,967"
2024-02-02,763,"11,393,709","8,062,806","19,456,515"
2024-02-03,764,"8,500,123","8,183,565","16,683,688"
2024-02-04,765,"6,845,711","4,228,036","11,073,747"
2024-02-05,766,"10,158,887","8,800,630","18,959,517"
2024-02-06,767,"10,972,684","8,603,726","19,576,410"
2024-02-07,768,"10,328,672","8,161,980","18,490,652"
2024-02-08,769,"13,252,740","8,020,735","21,273,475"
2024-02-09,770,"7,128,302","4,511,353","11,639,655"
2024-02-10,771,"4,460,458","4,050,928","8,511,386"
2024-02-11,772,"5,713,534","4,830,913","10,544,447"
2024-02-12,773,"6,543,452","4,697,728","11,241,180"
2024-02-13,774,"9,486,638","7,252,530","16,739,168"
2024-02-14,775,"9,357,451","8,036,962","17,394,413"
2024-02-15,776,"9,574,524","8,272,205","17,846,729"
2024-02-16,777,"10,866,411","9,692,781","20,559,192"
2024-02-17,778,"9,306,426","8,223,808","17,530,234"
2024-02-18,779,"6,427,543","4,772,723","11,200,266"
2024-02-19,780,"9,820,236","7,620,703","17,440,939"
2024-02-20,781,"9,446,775","8,237,891","17,684,666"
2024-02-21,782,"10,224,675","8,597,678","18,822,353"
2024-02-22,783,"10,281,427","8,653,125","18,934,552"
2024-02-23,784,"11,947,757","9,510,611","21,458,368"
2024-02-24,785,"9,354,753","8,023,353","17,378,106"
2024-02-25,786,"6,670,045","5,213,241","11,883,286"
2024-02-26,787,"10,294,828","8,693,761","18,988,589"
2024-02-27,788,"10,463,183","8,719,967","19,183,150"
2024-02-28,789,"9,045,876","8,860,363","17,906,239"
2024-02-29,790,"10,243,857","1,385,508","11,629,365"
2024-03-01,791,"8,253,441","11,441,577","19,695,018"
2024-03-02,792,"8,782,533","7,325,900","16,108,433"
2024-03-03,793,"7,397,461","4,216,029","11,613,490"
2024-03-04,794,"9,143,875","8,475,466","17,619,341"
2024-03-05,795,"9,687,590","8,564,612","18,252,202"
2024-03-06,796,"11,059,586","8,728,274","19,787,860"
2024-03-07,797,"10,209,333","8,323,079","18,532,412"
2024-03-08,798,"10,686,142","9,580,253","20,266,395"
2024-03-09,799,"8,473,767","8,447,931","16,921,698"
2024-03-10,800,"7,084,924","5,050,860","12,135,784"
2024-03-11,801,"8,595,713","7,761,500","16,357,213"
2024-03-12,802,"10,199,017","8,555,112","18,754,129"
2024-03-13,803,"10,596,637","9,166,439","19,763,076"
2024-03-14,804,"9,302,937","8,566,690","17,869,627"
2024-03-15,805,"11,406,187","9,422,052","20,828,239"
2024-03-16,806,"8,506,708","8,855,295","17,362,003"
2024-03-17,807,"6,293,705","4,763,192","11,056,897"
2024-03-18,808,"9,793,105","7,949,183","17,742,288"
2024-03-19,809,"10,455,010","7,962,808","18,417,818"
2024-03-20,810,"10,394,245","8,584,150","18,978,395"
2024-03-21,811,"10,700,540","8,964,864","19,665,404"
2024-03-22,812,"9,059,412","8,944,929","18,004,341"
2024-03-23,813,"9,652,387","8,302,516","17,954,903"
2024-03-24,814,"7,368,874","5,280,219","12,649,093"
2024-03-25,815,"9,658,422","8,571,757","18,230,179"
2024-03-26,816,"10,773,842","8,072,654","18,846,496"
2024-03-27,817,"9,854,849","8,208,246","18,063,095"
2024-03-28,818,"9,991,441","8,860,091","18,851,532"
2024-03-29,819,"11,761,486","9,358,615","21,120,101"
2024-03-30,820,"9,554,946","9,721,278","19,276,224"
2024-03-31,821,"6,391,350","814,639","7,205,989"
