no,season,hosin,general,anjin,dongyang,tongun,tayoung,yangha,carwash_sum
1,2022-01-01,10,27,0,,,3,5,144
2,2022-01-02,15,29,0,,,4,18,192
3,2022-01-03,31,26,20,,,18,11,222
4,2022-01-04,19,37,15,,,14,18,190
5,2022-01-05,19,31,11,,,13,12,165
6,2022-01-06,20,37,15,,,14,12,201
7,2022-01-07,23,34,11,,,17,16,267
8,2022-01-08,5,31,9,,,8,11,161
9,2022-01-09,10,25,0,,,7,13,170
10,2022-01-10,21,24,14,,,18,14,191
11,2022-01-11,0,0,0,,,0,0,0
12,2022-01-12,14,8,6,,,6,18,0
13,2022-01-13,0,0,0,,,0,0,0
14,2022-01-14,0,0,0,,,0,0,0
15,2022-01-15,0,0,0,,,0,0,0
16,2022-01-16,0,0,0,,,0,0,0
17,2022-01-17,0,0,0,,,0,0,0
18,2022-01-18,0,0,0,,,0,0,0
19,2022-01-19,0,0,0,,,0,0,0
20,2022-01-20,24,45,17,,,20,31,323
21,2022-01-21,17,57,11,,,9,19,309
22,2022-01-22,11,46,12,,,10,11,278
23,2022-01-23,11,44,0,,,5,10,213
24,2022-01-24,20,43,15,,,17,18,323
25,2022-01-25,31,46,21,,,25,46,300
26,2022-01-26,18,47,10,,,12,18,266
27,2022-01-27,18,24,13,,,7,17,235
28,2022-01-28,15,34,8,,,9,16,255
29,2022-01-29,9,30,7,,,10,19,190
30,2022-01-30,8,8,0,,,7,12,128
31,2022-01-31,4,17,0,,,2,16,105
32,2022-02-01,0,0,0,,,0,0,0
33,2022-02-02,0,0,0,,,0,0,0
34,2022-02-03,16,20,12,,,13,22,166
35,2022-02-04,14,15,7,,,7,7,119
36,2022-02-05,5,13,6,,,4,5,93
37,2022-02-06,3,19,0,,,9,8,157
38,2022-02-07,19,25,21,,,18,12,179
39,2022-02-08,18,25,11,,,10,12,179
40,2022-02-09,9,27,11,,,13,18,207
41,2022-02-10,25,16,11,,,10,17,213
42,2022-02-11,12,23,9,,,11,10,201
43,2022-02-12,9,16,14,,,12,14,216
44,2022-02-13,6,18,0,,,4,4,105
45,2022-02-14,3,3,4,,,4,3,75
46,2022-02-15,30,24,16,,,29,28,209
47,2022-02-16,6,13,1,,,5,6,75
48,2022-02-17,11,16,7,,,7,11,126
49,2022-02-18,14,28,13,,,12,14,219
50,2022-02-19,7,19,6,,,5,7,166
51,2022-02-20,10,36,0,,,9,13,148
52,2022-02-21,33,54,20,,,23,22,239
53,2022-02-22,8,21,6,,,5,11,142
54,2022-02-23,14,15,9,,,8,11,135
55,2022-02-24,13,18,12,,,18,18,189
56,2022-02-25,14,19,10,,,9,12,206
57,2022-02-26,6,4,6,,,5,7,89
58,2022-02-27,18,48,7,,,13,23,277
59,2022-02-28,30,32,20,,,15,21,273
60,2022-03-01,17,35,0,,,2,30,174
61,2022-03-02,24,28,28,,,26,17,270
62,2022-03-03,14,30,13,,,11,18,203
63,2022-03-04,4,15,9,,,8,9,136
64,2022-03-05,17,20,13,,,8,16,215
65,2022-03-06,9,19,1,,,12,3,147
66,2022-03-07,11,26,13,,,18,15,195
67,2022-03-08,18,19,11,,,9,15,178
68,2022-03-09,11,12,0,,,3,11,129
69,2022-03-10,12,21,18,,,18,14,160
70,2022-03-11,13,19,10,,,11,7,177
71,2022-03-12,10,23,7,,,3,7,126
72,2022-03-13,4,8,0,,,2,11,54
73,2022-03-14,6,20,1,,,3,7,65
74,2022-03-15,35,68,20,,,24,29,304
75,2022-03-16,15,10,6,,,10,8,151
76,2022-03-17,6,13,12,,,7,8,108
77,2022-03-18,31,36,18,,,21,25,227
78,2022-03-19,12,21,9,,,8,16,108
79,2022-03-20,7,38,0,,,5,11,192
80,2022-03-21,16,29,8,,,13,16,217
81,2022-03-22,19,19,13,,,13,6,177
82,2022-03-23,6,15,5,,,10,12,134
83,2022-03-24,8,12,4,,,8,11,120
84,2022-03-25,9,11,6,,,5,6,105
85,2022-03-26,12,27,7,,,9,22,146
86,2022-03-27,9,25,0,,,6,9,163
87,2022-03-28,18,26,12,,,17,8,198
88,2022-03-29,13,23,6,,,10,8,150
89,2022-03-30,5,10,9,,,5,9,90
90,2022-03-31,27,33,15,,,18,22,267
91,2022-04-01,16,12,16,,,14,39,225
92,2022-04-02,10,29,11,,,8,7,185
93,2022-04-03,5,26,0,,,4,11,124
94,2022-04-04,16,13,10,,,16,12,148
95,2022-04-05,15,30,10,,,12,10,200
96,2022-04-06,18,21,12,,,10,11,158
97,2022-04-07,8,38,10,,,9,13,184
98,2022-04-08,13,39,11,,,13,12,187
99,2022-04-09,33,65,26,,,24,40,309
100,2022-04-10,12,81,0,,,2,15,200
101,2022-04-11,20,47,17,,,17,12,199
102,2022-04-12,16,14,19,,,10,12,123
103,2022-04-13,30,25,19,,,19,32,200
104,2022-04-14,14,39,16,,,17,18,213
105,2022-04-15,8,25,4,,,4,7,139
106,2022-04-16,17,36,15,,,7,16,212
107,2022-04-17,13,42,0,,,6,12,177
108,2022-04-18,10,34,11,,,13,16,170
109,2022-04-19,24,35,18,,,14,16,230
110,2022-04-20,22,27,11,,,11,14,195
111,2022-04-21,14,18,10,,,14,14,185
112,2022-04-22,9,21,9,,,10,11,148
113,2022-04-23,17,45,11,,,7,18,204
114,2022-04-24,11,48,0,,,8,13,164
115,2022-04-25,26,37,19,,,18,27,204
116,2022-04-26,32,82,15,,,18,34,307
117,2022-04-27,22,56,13,,,12,11,235
118,2022-04-28,11,43,11,,,13,15,191
119,2022-04-29,18,63,18,,,15,37,244
120,2022-04-30,12,33,14,,,5,11,187
121,2022-05-01,9,40,0,,,4,6,171
122,2022-05-02,30,27,21,,,23,19,270
123,2022-05-03,15,37,11,,,7,14,213
124,2022-05-04,12,41,14,,,12,17,197
125,2022-05-05,9,24,1,,,5,9,172
126,2022-05-06,20,40,9,,,18,18,172
127,2022-05-07,19,40,14,,,6,20,217
128,2022-05-08,8,18,0,,,3,12,135
129,2022-05-09,38,60,22,,,22,26,302
130,2022-05-10,14,31,7,,,10,14,184
131,2022-05-11,20,43,15,,,11,19,238
132,2022-05-12,17,41,9,,,9,15,222
133,2022-05-13,15,29,13,,,14,12,193
134,2022-05-14,18,49,5,,,9,15,216
135,2022-05-15,14,43,0,,,7,17,187
136,2022-05-16,25,37,13,,,23,23,237
137,2022-05-17,5,22,7,,,4,6,119
138,2022-05-18,48,52,28,,,22,47,315
139,2022-05-19,7,22,5,,,5,6,98
140,2022-05-20,10,27,8,,,12,10,164
141,2022-05-21,23,33,8,,,10,16,232
142,2022-05-22,6,27,0,,,3,11,158
143,2022-05-23,24,43,17,,,19,16,251
144,2022-05-24,13,36,12,,,8,14,188
145,2022-05-25,9,30,3,,,12,9,139
146,2022-05-26,18,59,17,,,20,36,297
147,2022-05-27,20,31,8,,,8,13,232
148,2022-05-28,11,38,8,,,11,15,194
149,2022-05-29,0,0,0,,,0,0,0
150,2022-05-30,13,13,6,,,7,13,120
151,2022-05-31,21,37,9,,,12,18,223
152,2022-06-01,7,25,0,,,3,16,175
153,2022-06-02,17,35,13,,,2,15,198
154,2022-06-03,15,38,12,,,3,14,196
155,2022-06-04,19,35,9,,,7,20,203
156,2022-06-05,6,15,0,,,4,12,104
157,2022-06-06,13,33,1,,,7,25,165
158,2022-06-07,20,31,16,,,4,22,229
159,2022-06-08,19,23,9,,,5,16,170
160,2022-06-09,30,35,15,,,6,32,239
161,2022-06-10,17,29,12,,,2,23,175
162,2022-06-11,28,57,14,,,14,24,309
163,2022-06-12,14,27,2,,,3,11,176
164,2022-06-13,15,26,16,,,3,24,217
165,2022-06-14,9,26,9,,,0,14,168
166,2022-06-15,2,3,0,,,1,2,14
167,2022-06-16,23,39,17,,,3,34,235
168,2022-06-17,11,25,9,,,4,8,174
169,2022-06-18,14,25,10,,,5,16,148
170,2022-06-19,10,25,0,,,4,13,141
171,2022-06-20,25,23,18,,,3,25,205
172,2022-06-21,19,25,10,,,3,16,201
173,2022-06-22,12,24,6,,,3,12,142
174,2022-06-23,3,3,2,,,0,3,24
175,2022-06-24,14,27,11,,,2,26,161
176,2022-06-25,15,19,10,,,8,15,157
177,2022-06-26,8,6,0,,,0,11,91
178,2022-06-27,1,2,1,,,1,3,15
179,2022-06-28,5,7,0,,,1,9,45
180,2022-06-29,1,0,0,,,0,2,6
181,2022-06-30,0,0,0,,,0,0,0
182,2022-07-01,8,24,4,,,4,11,135
183,2022-07-02,17,17,10,,,3,12,140
184,2022-07-03,15,19,0,,,3,10,152
185,2022-07-04,13,21,12,,,2,19,159
186,2022-07-05,15,20,9,,,4,18,145
187,2022-07-06,14,22,6,,,0,22,152
188,2022-07-07,5,4,5,,,1,9,65
189,2022-07-08,15,13,13,,,1,25,165
190,2022-07-09,8,39,11,,,1,10,151
191,2022-07-10,11,18,1,,,1,11,138
192,2022-07-11,16,23,16,,,4,17,170
193,2022-07-12,27,7,9,,,4,16,155
194,2022-07-13,0,0,0,,,0,0,0
195,2022-07-14,17,17,14,,,4,26,186
196,2022-07-15,12,24,8,,,3,9,137
197,2022-07-16,15,22,8,,,4,15,156
198,2022-07-17,11,14,1,,,3,6,125
199,2022-07-18,17,22,11,,,5,16,180
200,2022-07-19,15,19,10,,,2,13,164
201,2022-07-20,12,14,11,,,0,10,113
202,2022-07-21,5,12,7,,,3,11,87
203,2022-07-22,6,20,9,,,2,16,139
204,2022-07-23,4,24,3,,,2,5,87
205,2022-07-24,7,18,2,,,4,12,103
206,2022-07-25,24,23,11,,,5,18,196
207,2022-07-26,12,18,3,,,3,12,120
208,2022-07-27,11,25,9,,,2,11,138
209,2022-07-28,14,21,9,,,4,17,157
210,2022-07-29,15,14,8,,,3,9,151
211,2022-07-30,12,26,7,,,2,11,144
212,2022-07-31,5,0,1,,,0,1,20
213,2022-08-01,16,25,8,,,2,2,94
214,2022-08-02,0,1,0,,,0,0,1
215,2022-08-03,7,18,5,,,0,0,64
216,2022-08-04,0,0,0,,,0,0,0
217,2022-08-05,15,15,9,,,2,0,108
218,2022-08-06,15,17,7,,,3,0,119
219,2022-08-07,6,16,1,,,1,0,96
220,2022-08-08,0,0,0,,,0,0,0
221,2022-08-09,0,0,0,,,0,0,0
222,2022-08-10,12,10,6,,,1,0,91
223,2022-08-11,3,14,5,,,0,0,67
224,2022-08-12,22,33,12,,,6,0,188
225,2022-08-13,4,4,4,,,1,0,27
226,2022-08-14,6,11,0,,,1,0,63
227,2022-08-15,3,15,0,,,2,0,51
228,2022-08-16,16,36,18,,,6,0,205
229,2022-08-17,17,23,5,,,2,0,151
230,2022-08-18,12,22,5,,,5,0,123
231,2022-08-19,4,10,4,,,2,0,54
232,2022-08-20,18,28,11,,,8,0,177
233,2022-08-21,0,0,0,,,0,0,0
234,2022-08-22,12,15,4,,,2,0,89
235,2022-08-23,14,25,10,,,2,0,154
236,2022-08-24,13,31,9,,,5,0,139
237,2022-08-25,6,12,5,,,2,0,55
238,2022-08-26,16,40,0,,,7,0,202
239,2022-08-27,14,40,8,,,2,0,156
240,2022-08-28,12,18,0,,,6,0,140
241,2022-08-29,5,7,4,,,2,0,52
242,2022-08-30,0,0,0,,,0,0,0
243,2022-08-31,10,23,11,,,2,0,129
244,2022-09-01,13,26,10,,,6,0,146
245,2022-09-02,20,31,8,,,7,0,149
246,2022-09-03,10,17,5,,,0,0,95
247,2022-09-04,0,1,0,,,0,0,2
248,2022-09-05,0,0,0,,,0,0,0
249,2022-09-06,4,29,9,,,6,0,128
250,2022-09-07,19,33,9,,,0,0,167
251,2022-09-08,14,31,6,,,5,0,174
252,2022-09-09,7,31,5,,,0,0,119
253,2022-09-10,2,11,2,,,2,0,65
254,2022-09-11,8,9,0,,,0,0,64
255,2022-09-12,15,26,1,,,3,0,100
256,2022-09-13,13,14,12,,,1,0,114
257,2022-09-14,15,11,10,,,3,0,112
258,2022-09-15,11,24,11,,,1,0,107
259,2022-09-16,8,17,7,,,2,0,96
260,2022-09-17,15,17,9,,,6,0,142
261,2022-09-18,0,0,0,,,0,0,0
262,2022-09-19,13,18,7,,,1,0,124
263,2022-09-20,14,28,11,,,5,0,136
264,2022-09-21,14,18,9,,,4,0,143
265,2022-09-22,14,14,9,,,2,0,129
266,2022-09-23,17,40,11,,,5,0,154
267,2022-09-24,16,36,8,,,8,0,150
268,2022-09-25,11,24,0,,,2,0,123
269,2022-09-26,16,19,10,,,1,0,121
270,2022-09-27,9,22,9,,,3,0,117
271,2022-09-28,15,14,10,,,1,0,110
272,2022-09-29,12,24,8,,,4,0,123
273,2022-09-30,14,22,7,,,2,0,110
274,2022-10-01,11,20,8,0,,9,,136
275,2022-10-02,8,11,0,0,,1,,39
276,2022-10-03,0,0,0,0,,0,,0
277,2022-10-04,12,17,8,0,,13,,100
278,2022-10-05,13,31,12,0,,11,,134
279,2022-10-06,13,12,5,0,,5,,113
280,2022-10-07,15,27,6,0,,14,,116
281,2022-10-08,6,12,5,0,,3,,73
282,2022-10-09,0,1,3,0,,2,,7
283,2022-10-10,5,25,3,0,,1,,64
284,2022-10-11,22,33,12,0,,17,,144
285,2022-10-12,15,23,10,0,,9,,125
286,2022-10-13,13,9,6,0,,11,,116
287,2022-10-14,9,26,7,0,,8,,136
288,2022-10-15,5,7,2,0,,4,,51
289,2022-10-16,7,12,0,14,,2,,97
290,2022-10-17,22,12,15,7,,13,,169
291,2022-10-18,11,16,9,33,,10,,169
292,2022-10-19,18,10,11,30,,7,,150
293,2022-10-20,2,5,3,15,,3,,70
294,2022-10-21,17,19,6,32,,10,,161
295,2022-10-22,11,24,5,31,,8,,172
296,2022-10-23,12,28,0,21,,7,,148
297,2022-10-24,8,21,11,25,,10,,163
298,2022-10-25,8,21,11,25,,10,,163
299,2022-10-26,17,18,7,25,,10,,140
300,2022-10-27,14,22,9,27,,3,,159
301,2022-10-28,14,27,7,26,,6,,177
302,2022-10-29,14,33,4,20,,8,,161
303,2022-10-30,9,25,0,23,,6,,136
304,2022-10-31,10,18,9,21,,8,,140
305,2022-11-01,13,25,3,28,,13,,157
306,2022-11-02,17,29,12,22,,7,,152
307,2022-11-03,4,12,5,20,,7,,101
308,2022-11-04,21,19,8,25,,12,,163
309,2022-11-05,14,20,4,19,,5,,160
310,2022-11-06,10,28,0,13,,2,,118
311,2022-11-07,12,12,10,22,,12,,154
312,2022-11-08,14,20,9,24,,10,,161
313,2022-11-09,9,26,7,19,,7,,125
314,2022-11-10,9,24,11,28,,12,,167
315,2022-11-11,16,19,10,26,,9,,172
316,2022-11-12,0,9,2,14,,1,,64
317,2022-11-13,10,13,0,18,,3,,90
318,2022-11-14,12,33,9,26,,10,,166
319,2022-11-15,10,25,10,28,,13,,143
320,2022-11-16,21,37,16,26,,17,,178
321,2022-11-17,13,15,6,23,,5,,128
322,2022-11-18,12,32,5,27,,9,,171
323,2022-11-19,11,33,5,23,,7,,165
324,2022-11-20,4,3,0,11,,1,,53
325,2022-11-21,7,8,7,12,,5,,78
326,2022-11-22,4,12,3,17,,7,,96
327,2022-11-23,30,29,12,29,,16,,210
328,2022-11-24,8,21,5,20,,9,,144
329,2022-11-25,9,32,5,19,,6,,186
330,2022-11-26,23,28,8,26,,10,,176
331,2022-11-27,6,21,0,15,,2,,117
332,2022-11-28,5,9,2,1,,1,,29
333,2022-11-29,35,66,20,32,,15,,262
334,2022-11-30,5,20,1,10,,2,,60
335,2022-12-01,15,44,10,8,3,7,,157
336,2022-12-02,9,76,4,13,7,6,,152
337,2022-12-03,12,88,1,12,7,4,,101
338,2022-12-04,20,80,7,21,15,13,,163
339,2022-12-05,12,52,8,21,10,6,,160
340,2022-12-06,9,25,5,13,6,2,,118
341,2022-12-07,30,131,10,29,24,20,,154
342,2022-12-08,11,129,10,18,12,5,,161
343,2022-12-09,14,88,8,22,17,9,,125
344,2022-12-10,11,52,1,12,6,2,,167
345,2022-12-11,0,0,0,0,0,0,,172
346,2022-12-12,30,77,14,29,26,9,,64
347,2022-12-13,11,46,5,18,12,10,,90
348,2022-12-14,0,1,2,5,2,0,,166
349,2022-12-15,4,9,6,11,1,4,,143
350,2022-12-16,19,39,3,15,10,7,,178
351,2022-12-17,0,0,0,0,0,0,,128
352,2022-12-18,0,0,0,0,0,0,,171
353,2022-12-19,0,0,0,0,0,0,,165
354,2022-12-20,0,0,0,0,0,0,,53
355,2022-12-21,0,0,0,0,0,0,,78
356,2022-12-22,0,0,0,0,0,0,,96
357,2022-12-23,0,0,0,0,0,0,,210
358,2022-12-24,0,0,0,0,0,0,,144
359,2022-12-25,0,0,0,0,0,0,,186
360,2022-12-26,0,0,0,0,0,0,,176
361,2022-12-27,0,0,0,0,0,0,,117
362,2022-12-28,0,0,0,0,0,0,,29
363,2022-12-29,0,0,0,0,0,0,,262
364,2022-12-30,0,0,0,0,0,0,,60
365,2022-12-31,0,0,0,0,0,0,,60
366,2023-01-01,8,35,0,10,,5,,137
367,2023-01-02,14,34,10,15,,11,,135
368,2023-01-03,13,18,1,14,,7,,104
369,2023-01-04,11,27,6,24,,10,,153
370,2023-01-05,6,23,6,21,,7,,136
371,2023-01-06,5,19,3,10,,4,,136
372,2023-01-07,30,68,26,33,,25,,268
373,2023-01-08,9,39,0,11,,3,,134
374,2023-01-09,15,38,11,19,,17,,191
375,2023-01-10,18,27,9,27,,8,,183
376,2023-01-11,10,31,3,22,,10,,153
377,2023-01-12,16,15,7,26,,6,,160
378,2023-01-13,4,17,1,9,,5,,43
379,2023-01-14,12,15,6,28,,15,,89
380,2023-01-15,11,15,0,13,,5,,67
381,2023-01-16,22,38,11,17,,13,,193
382,2023-01-17,9,16,6,17,,7,,131
383,2023-01-18,13,39,10,25,,8,,184
384,2023-01-19,10,31,6,24,,8,,191
385,2023-01-20,47,121,18,34,,22,,378
386,2023-01-21,6,45,2,10,,1,,176
387,2023-01-22,0,0,0,0,,0,,0
388,2023-01-23,7,42,0,6,,0,,135
389,2023-01-24,0,0,0,0,,0,,0
390,2023-01-25,0,0,0,0,,0,,0
391,2023-01-26,22,38,8,15,,12,,137
392,2023-01-27,12,38,7,11,,11,,135
393,2023-01-28,11,31,14,26,,8,,201
394,2023-01-29,10,46,0,19,,7,,174
395,2023-01-30,23,46,15,24,,12,,277
396,2023-01-31,8,51,5,25,,9,,210
397,2023-02-01,21,58,16,29,,11,,267
398,2023-02-02,10,36,11,27,,9,,170
399,2023-02-03,15,14,1,13,,9,,151
400,2023-02-04,14,31,4,24,,7,,199
401,2023-02-05,7,45,0,8,,4,,149
402,2023-02-06,16,26,12,26,,13,,199
403,2023-02-07,8,39,10,29,,9,,178
404,2023-02-08,21,18,13,27,,9,,190
405,2023-02-09,11,35,6,26,,7,,178
406,2023-02-10,37,109,25,37,,28,,339
407,2023-02-11,13,55,11,25,,7,,250
408,2023-02-12,9,24,2,20,,3,,162
409,2023-02-13,12,21,10,23,,11,,164
410,2023-02-14,13,26,6,25,,8,,180
411,2023-02-15,17,19,7,23,,11,,172
412,2023-02-16,8,26,7,27,,7,,157
413,2023-02-17,9,28,8,17,,8,,183
414,2023-02-18,9,14,7,22,,4,,126
415,2023-02-19,23,81,1,19,,8,,202
416,2023-02-20,27,44,17,26,,16,,249
417,2023-02-21,10,24,5,25,,4,,150
418,2023-02-22,9,40,7,22,,12,,178
419,2023-02-23,11,30,6,29,,10,,180
420,2023-02-24,11,33,5,29,,14,,210
421,2023-02-25,10,53,9,22,,5,,163
422,2023-02-26,11,50,2,15,,3,,172
423,2023-02-27,18,32,9,23,,14,,188
424,2023-02-28,8,16,9,24,,8,,151
425,2023-03-01,5,78,2,15,11,3,,100
426,2023-03-02,16,102,11,21,11,12,,164
427,2023-03-03,11,93,9,24,15,11,,163
428,2023-03-04,14,103,9,22,13,7,,171
429,2023-03-05,12,101,3,16,9,5,,135
430,2023-03-06,23,93,17,28,17,12,,169
431,2023-03-07,8,104,8,17,11,10,,136
432,2023-03-08,17,69,8,37,26,7,,161
433,2023-03-09,38,123,24,35,26,24,,257
434,2023-03-10,12,159,17,26,12,11,,220
435,2023-03-11,12,95,4,19,14,7,,131
436,2023-03-12,16,79,3,19,13,4,,125
437,2023-03-13,20,120,16,22,15,17,,199
438,2023-03-14,15,129,12,23,15,9,,175
439,2023-03-15,7,79,5,24,16,5,,128
440,2023-03-16,19,112,11,27,14,10,,188
441,2023-03-17,11,141,8,23,13,5,,169
442,2023-03-18,12,135,6,21,16,6,,170
443,2023-03-19,11,109,3,13,13,6,,133
444,2023-03-20,22,78,12,25,17,9,,170
445,2023-03-21,14,114,7,26,12,12,,153
446,2023-03-22,10,85,7,22,16,6,,125
447,2023-03-23,17,123,16,32,18,17,,206
448,2023-03-24,8,113,7,19,13,4,,140
449,2023-03-25,20,126,8,22,16,8,,180
450,2023-03-26,7,38,1,7,7,1,,47
451,2023-03-27,14,68,10,22,15,10,,138
452,2023-03-28,12,112,10,25,14,12,,169
453,2023-03-29,16,133,8,28,20,8,,206
454,2023-03-30,18,94,10,24,15,11,,161
455,2023-03-31,11,109,8,27,16,9,,175
456,2023-04-01,11,128,6,20,13,9,,159
457,2023-04-02,5,108,3,19,11,6,,130
458,2023-04-03,14,88,6,20,16,13,,153
459,2023-04-04,7,38,3,15,4,5,,61
460,2023-04-05,0,0,0,0,0,0,,0
461,2023-04-06,20,38,9,32,12,19,,128
462,2023-04-07,27,140,16,25,23,20,,0
463,2023-04-08,0,0,0,0,0,0,,0
464,2023-04-09,0,0,0,0,0,0,,0
465,2023-04-10,12,49,9,26,13,15,,124
466,2023-04-11,17,82,9,33,20,13,,165
467,2023-04-12,26,204,20,27,30,23,,308
468,2023-04-13,22,159,18,34,14,13,,232
469,2023-04-14,21,159,6,27,20,10,,214
470,2023-04-15,29,102,12,29,19,11,,186
471,2023-04-16,14,126,0,25,16,8,,176
472,2023-04-17,24,149,17,25,18,17,,224
473,2023-04-18,34,156,22,36,25,17,,269
474,2023-04-19,22,228,7,31,18,14,,259
475,2023-04-20,14,95,9,33,21,12,,172
476,2023-04-21,23,207,15,33,15,12,,246
477,2023-04-22,12,175,9,24,12,6,,195
478,2023-04-23,4,106,2,20,13,6,,131
479,2023-04-24,21,111,12,17,15,14,,174
480,2023-04-25,17,52,11,27,16,7,,129
481,2023-04-26,37,209,18,32,30,16,,314
482,2023-04-27,9,166,13,33,15,6,,194
483,2023-04-28,12,142,8,22,10,5,,163
484,2023-04-29,20,53,7,22,8,6,,114
485,2023-04-30,9,113,7,26,15,13,,169
486,2023-05-01,16,151,3,7,8,3,,144
487,2023-05-02,26,180,24,34,24,21,,277
488,2023-05-03,8,94,8,26,9,10,,146
489,2023-05-04,8,88,6,19,17,6,,118
490,2023-05-05,0,0,0,0,0,0,,0
491,2023-05-06,5,22,4,8,11,5,,54
492,2023-05-07,11,99,2,34,8,7,,156
493,2023-05-08,21,125,12,23,20,15,,207
494,2023-05-09,14,95,7,29,8,8,,154
495,2023-05-10,14,96,7,26,13,12,,166
496,2023-05-11,15,82,9,27,12,15,,153
497,2023-05-12,12,110,4,25,12,9,,166
498,2023-05-13,16,91,8,24,19,9,,154
499,2023-05-14,7,104,2,25,12,6,,140
500,2023-05-15,21,120,16,27,18,15,,202
501,2023-05-16,17,89,4,30,14,10,,162
502,2023-05-17,17,83,5,35,19,13,,162
503,2023-05-18,18,74,10,34,8,12,,145
504,2023-05-19,17,167,8,33,25,13,,222
505,2023-05-20,13,139,8,19,7,10,,165
506,2023-05-21,5,42,3,10,11,6,,69
507,2023-05-22,12,51,10,17,6,6,,103
508,2023-05-23,29,122,16,31,23,18,,231
509,2023-05-24,17,138,6,35,15,9,,197
510,2023-05-25,6,66,1,13,6,12,,0
511,2023-05-26,19,119,11,26,14,13,,177
512,2023-05-27,1,7,2,7,11,1,,29
513,2023-05-28,0,0,0,0,0,0,,0
514,2023-05-29,20,77,1,28,16,7,,144
515,2023-05-30,12,71,9,23,11,16,,137
516,2023-05-31,17,81,3,20,19,12,,144
517,2023-06-01,11,60,8,23,16,13,,126
518,2023-06-02,16,115,8,22,10,12,,163
519,2023-06-03,17,104,10,25,16,9,,158
520,2023-06-04,6,87,3,21,13,6,,129
521,2023-06-05,18,80,6,23,14,7,,143
522,2023-06-06,15,89,0,18,15,3,,132
523,2023-06-07,24,77,16,27,14,21,,168
524,2023-06-08,17,53,5,32,14,8,,121
525,2023-06-09,15,119,11,36,20,13,,195
526,2023-06-10,5,61,8,14,5,2,,76
527,2023-06-11,0,0,0,0,0,0,,0
528,2023-06-12,13,56,4,21,12,10,,117
529,2023-06-13,21,115,15,29,19,13,,197
530,2023-06-14,8,50,5,22,14,8,,103
531,2023-06-15,12,57,7,22,17,11,,96
532,2023-06-16,10,122,9,30,16,11,,177
533,2023-06-17,17,93,6,23,13,11,,160
534,2023-06-18,7,83,2,13,13,8,,121
535,2023-06-19,17,74,9,22,16,12,,150
536,2023-06-20,10,34,7,42,20,10,,122
537,2023-06-21,8,19,3,19,9,8,,68
538,2023-06-22,14,113,7,35,20,13,,193
539,2023-06-23,12,100,6,23,16,9,,144
540,2023-06-24,15,80,7,23,11,7,,141
541,2023-06-25,11,54,3,17,13,8,,104
542,2023-06-26,3,11,2,12,2,3,,33
543,2023-06-27,18,51,10,25,12,12,,128
544,2023-06-28,10,55,5,23,16,6,,118
545,2023-06-29,0,0,0,7,1,0,,8
546,2023-06-30,13,68,12,26,17,9,,139
547,2023-07-01,17,111,9,20,12,8,,149
548,2023-07-02,7,88,2,12,13,5,,106
549,2023-07-03,19,66,8,13,8,11,,127
550,2023-07-04,1,9,2,6,6,0,,25
551,2023-07-05,22,56,10,25,16,12,,140
552,2023-07-06,8,66,6,27,13,9,,129
553,2023-07-07,12,63,7,28,13,9,,125
554,2023-07-08,11,49,3,20,16,6,,100
555,2023-07-09,3,8,2,11,8,5,,39
556,2023-07-10,10,44,9,21,14,9,,99
557,2023-07-11,0,0,0,3,3,1,,7
558,2023-07-12,7,27,6,18,8,8,,74
559,2023-07-13,0,0,2,5,1,0,,10
560,2023-07-14,0,0,0,0,0,0,,0
561,2023-07-15,3,8,0,6,2,2,,22
562,2023-07-16,14,28,2,17,12,5,,78
563,2023-07-17,15,56,12,29,24,11,,140
564,2023-07-18,11,30,8,28,9,8,,95
565,2023-07-19,14,116,7,26,10,13,,172
566,2023-07-20,11,76,9,27,12,6,,124
567,2023-07-21,9,67,8,25,11,10,,125
568,2023-07-22,5,37,1,15,9,1,,64
569,2023-07-23,0,0,0,0,0,0,,0
570,2023-07-24,8,63,10,22,12,13,,118
571,2023-07-25,12,51,7,27,14,7,,107
572,2023-07-26,14,43,7,30,13,8,,117
573,2023-07-27,10,95,6,32,13,9,,149
574,2023-07-28,13,108,6,26,8,7,,136
575,2023-07-29,12,73,9,21,12,8,,120
576,2023-07-30,9,73,5,9,13,2,,96
577,2023-07-31,6,60,7,22,16,7,,111
578,2023-08-01,13,74,4,17,17,7,,132
579,2023-08-02,12,84,6,24,10,7,,130
580,2023-08-03,15,66,9,28,10,11,,126
581,2023-08-04,18,94,7,23,16,8,,140
582,2023-08-05,14,108,5,24,9,10,,131
583,2023-08-06,8,76,0,16,10,4,,99
584,2023-08-07,17,104,7,23,13,8,,134
585,2023-08-08,16,49,8,17,10,11,,110
586,2023-08-09,7,55,3,21,11,5,,89
587,2023-08-10,0,0,0,0,0,0,,0
588,2023-08-11,0,0,0,0,0,0,,0
589,2023-08-12,7,32,3,18,10,5,,69
590,2023-08-13,11,71,2,19,11,3,,105
591,2023-08-14,16,92,8,17,14,6,,143
592,2023-08-15,12,64,3,17,9,3,,100
593,2023-08-16,13,79,10,16,17,8,,134
594,2023-08-17,7,72,8,28,11,7,,128
595,2023-08-18,16,105,10,22,10,7,,143
596,2023-08-19,13,76,10,33,10,10,,138
597,2023-08-20,5,67,2,17,11,5,,91
598,2023-08-21,18,88,8,23,12,8,,129
599,2023-08-22,4,5,1,8,4,2,,28
600,2023-08-23,0,0,0,0,0,0,,0
601,2023-08-24,6,22,4,23,7,5,,68
602,2023-08-25,12,74,7,21,10,9,,126
603,2023-08-26,7,77,5,17,7,9,,105
604,2023-08-27,2,41,2,16,9,0,,0
605,2023-08-28,0,0,0,0,0,0,,0
606,2023-08-29,0,0,0,0,0,0,,0
607,2023-08-30,9,35,8,25,8,7,,88
608,2023-08-31,19,97,5,28,11,9,,150
609,2023-09-01,14,97,6,22,10,12,,143
610,2023-09-02,10,83,7,17,11,4,,121
611,2023-09-03,5,55,4,14,7,4,,82
612,2023-09-04,10,71,4,15,10,9,,94
613,2023-09-05,14,62,7,21,10,11,,112
614,2023-09-06,14,60,8,27,14,5,,122
615,2023-09-07,9,96,8,19,10,6,,137
616,2023-09-08,11,88,5,23,15,7,,135
617,2023-09-09,13,65,6,25,5,3,,108
618,2023-09-10,5,74,4,14,8,4,,94
619,2023-09-11,17,70,10,17,16,12,,131
620,2023-09-12,16,60,4,19,8,11,,106
621,2023-09-13,0,2,2,2,0,0,,0
622,2023-09-14,9,48,8,25,18,9,,105
623,2023-09-15,6,11,4,14,2,2,,39
624,2023-09-16,6,50,6,15,10,4,,77
625,2023-09-17,10,48,0,21,13,4,,86
626,2023-09-18,16,101,7,20,8,9,,148
627,2023-09-19,11,33,4,16,16,5,,85
628,2023-09-20,0,0,0,0,0,0,,0
629,2023-09-21,19,69,7,19,15,8,,132
630,2023-09-22,13,90,7,23,14,6,,138
631,2023-09-23,13,78,13,18,5,6,,118
632,2023-09-24,10,52,3,14,11,5,,89
633,2023-09-25,20,46,7,11,16,7,,102
634,2023-09-26,0,0,0,0,0,0,,0
635,2023-09-27,14,68,7,25,10,8,,128
636,2023-09-28,11,111,0,18,9,4,,131
637,2023-09-29,0,0,0,0,0,0,,0
638,2023-09-30,6,54,1,13,10,1,,73
639,2023-10-01,8,67,0,10,6,4,,74
640,2023-10-02,7,67,3,15,9,1,,93
641,2023-10-03,8,50,1,9,7,0,,68
642,2023-10-04,4,56,11,7,2,6,,70
643,2023-10-05,15,62,12,27,13,13,,141
644,2023-10-06,5,43,6,13,4,3,,70
645,2023-10-07,9,45,7,14,5,1,,74
646,2023-10-08,6,33,1,8,6,1,,49
647,2023-10-09,11,62,2,10,14,3,,88
648,2023-10-10,17,92,11,22,18,13,,166
649,2023-10-11,11,82,9,19,13,6,,133
650,2023-10-12,10,68,4,16,8,9,,92
651,2023-10-13,6,59,4,18,9,3,,96
652,2023-10-14,13,34,3,23,11,8,,85
653,2023-10-15,14,76,0,13,13,6,,109
654,2023-10-16,21,71,11,12,7,9,,122
655,2023-10-17,10,52,8,24,12,8,,109
656,2023-10-18,10,32,5,13,5,4,,70
657,2023-10-19,13,33,5,23,5,7,,85
658,2023-10-20,14,83,7,17,9,8,,130
659,2023-10-21,14,75,4,27,14,8,,135
660,2023-10-22,8,66,0,13,8,4,,90
661,2023-10-23,15,65,11,16,11,10,,122
662,2023-10-24,11,55,4,21,11,4,,98
663,2023-10-25,12,61,8,25,8,5,,114
664,2023-10-26,6,29,7,13,3,6,,60
665,2023-10-27,26,125,3,3,8,2,,205
666,2023-10-28,11,126,7,20,16,7,,153
667,2023-10-29,8,73,0,16,5,3,,90
668,2023-10-30,17,55,9,13,8,5,,100
669,2023-10-31,12,54,7,20,14,7,,113
670,2023-11-01,12,44,4,17,4,4,,84
671,2023-11-02,19,59,8,19,8,8,,118
672,2023-11-03,6,26,6,16,11,6,,69
673,2023-11-04,15,82,10,27,20,9,,145
674,2023-11-05,1,11,0,2,0,0,,10
675,2023-11-06,4,30,2,7,4,2,,48
676,2023-11-07,28,114,15,37,28,14,,236
677,2023-11-08,17,71,9,20,11,7,,128
678,2023-11-09,6,29,4,9,5,3,,57
679,2023-11-10,15,77,7,24,11,13,,140
680,2023-11-11,12,69,8,8,7,4,,96
681,2023-11-12,9,47,0,11,4,2,,73
682,2023-11-13,12,41,8,18,11,11,,92
683,2023-11-14,15,47,8,16,12,6,,104
684,2023-11-15,9,50,5,14,10,5,,91
685,2023-11-16,0,3,1,3,0,0,,5
686,2023-11-17,25,85,11,32,15,14,,178
687,2023-11-18,14,61,4,10,6,7,,97
688,2023-11-19,14,77,2,10,9,5,,109
689,2023-11-20,22,79,11,17,14,12,,152
690,2023-11-21,11,73,6,18,12,9,,124
691,2023-11-22,7,63,5,21,18,8,,126
692,2023-11-23,26,62,15,25,23,13,,167
693,2023-11-24,6,44,3,15,7,11,,95
694,2023-11-25,10,64,3,8,4,3,,73
695,2023-11-26,4,56,2,14,8,4,,81
696,2023-11-27,21,42,12,24,12,9,,123
697,2023-11-28,14,66,5,24,21,13,,137
698,2023-11-29,9,47,7,17,12,3,,95
699,2023-11-30,8,21,3,9,5,2,,55
700,2023-12-01,15,44,10,8,3,7,,80
701,2023-12-02,9,76,4,13,7,6,,108
702,2023-12-03,12,88,1,12,7,4,,116
703,2023-12-04,20,80,7,21,15,13,,155
704,2023-12-05,12,52,8,21,10,6,,101
705,2023-12-06,9,25,5,13,6,2,,62
706,2023-12-07,30,131,10,29,24,20,,220
707,2023-12-08,11,129,10,18,12,5,,165
708,2023-12-09,14,88,8,22,17,9,,140
709,2023-12-10,11,52,1,12,6,2,,76
710,2023-12-11,0,0,0,0,0,0,,0
711,2023-12-12,30,77,14,29,26,9,,184
712,2023-12-13,11,46,5,18,12,10,,102
713,2023-12-14,0,1,2,5,2,0,,10
714,2023-12-15,4,9,6,11,1,4,,34
715,2023-12-16,19,39,3,15,10,7,,97
716,2023-12-17,0,0,0,0,0,0,,0
717,2023-12-18,13,38,1,8,11,7,,75
718,2023-12-19,7,42,9,14,7,5,,87
719,2023-12-20,29,59,11,10,12,11,,124
720,2023-12-21,9,62,2,4,9,2,,61
721,2023-12-22,6,57,3,13,2,6,,65
722,2023-12-23,17,78,13,17,12,12,,137
723,2023-12-24,18,77,1,11,15,11,,122
724,2023-12-25,19,73,1,22,10,3,,119
725,2023-12-26,28,140,14,27,29,18,,231
726,2023-12-27,21,117,7,30,18,14,,197
727,2023-12-28,12,103,9,22,11,12,,153
728,2023-12-29,11,72,10,15,11,7,,120
729,2023-12-30,2,1,0,7,3,0,,13
730,2023-12-31,16,63,2,15,12,9,,109
731,2024-01-01,7,74,2,8,9,4,,101
732,2024-01-02,10,81,11,19,11,14,,142
733,2024-01-03,19,52,11,29,6,9,,131
734,2024-01-04,13,88,7,21,12,9,,142
735,2024-01-05,13,103,9,18,7,14,,156
736,2024-01-06,14,69,9,15,8,2,,106
737,2024-01-07,20,61,1,12,5,2,,94
738,2024-01-08,22,75,11,21,19,15,,151
739,2024-01-09,6,4,3,9,1,1,,27
740,2024-01-10,36,151,16,32,27,16,,264
741,2024-01-11,8,118,8,21,9,10,,160
742,2024-01-12,12,109,6,22,15,13,,160
743,2024-01-13,16,90,6,23,9,5,,134
744,2024-01-14,8,38,2,19,3,5,,72
745,2024-01-15,14,68,4,15,17,9,,134
746,2024-01-16,19,70,1,21,2,6,,108
747,2024-01-17,2,21,4,3,2,2,,29
748,2024-01-18,24,127,13,38,27,22,,239
749,2024-01-19,10,135,6,21,9,9,,160
750,2024-01-20,7,33,3,11,7,5,,59
751,2024-01-21,11,58,2,28,15,11,,125
752,2024-01-22,0,0,0,0,0,0,,0
753,2024-01-23,0,0,0,0,0,0,,0
754,2024-01-24,13,36,3,8,8,11,,67
755,2024-01-25,16,57,6,14,11,8,,0
756,2024-01-26,13,110,5,26,13,11,,169
757,2024-01-27,8,116,4,19,12,10,,147
758,2024-01-28,8,79,1,12,5,5,,96
759,2024-01-29,17,82,9,20,9,13,,138
760,2024-01-30,15,69,7,21,13,7,,126
761,2024-01-31,10,101,5,21,17,11,,142
762,2024-02-01,15,65,6,18,10,9,,116
763,2024-02-02,12,89,9,18,7,14,,139
764,2024-02-03,7,64,2,16,4,10,,99
765,2024-02-04,11,88,1,21,10,10,,123
766,2024-02-05,12,20,3,18,3,11,,67
767,2024-02-06,35,159,16,37,26,22,,267
768,2024-02-07,17,129,9,27,19,13,,186
769,2024-02-08,12,167,7,27,16,11,,220
770,2024-02-09,10,105,2,9,6,2,,120
771,2024-02-10,0,0,0,0,0,0,,0
772,2024-02-11,11,55,0,0,10,5,,84
773,2024-02-12,13,93,1,16,13,0,,115
774,2024-02-13,20,72,16,17,11,18,,149
775,2024-02-14,12,65,4,17,9,7,,100
776,2024-02-15,22,38,6,20,7,7,,99
777,2024-02-16,16,125,8,21,20,11,,183
778,2024-02-17,13,102,5,19,12,10,,135
779,2024-02-18,3,21,0,9,2,4,,38
780,2024-02-19,9,18,2,13,6,5,,55
781,2024-02-20,12,65,7,19,8,13,,111
782,2024-02-21,0,0,0,0,0,0,,0
783,2024-02-22,23,33,6,18,11,11,,106
784,2024-02-23,33,191,16,44,28,16,,304
785,2024-02-24,11,118,5,19,8,9,,146
786,2024-02-25,1,13,1,17,9,8,,115
787,2024-02-26,19,121,13,21,18,12,,193
788,2024-02-27,9,78,6,20,9,11,,121
789,2024-02-28,7,35,1,11,3,10,,0
790,2024-02-29,8,85,4,28,8,5,,110
791,2024-03-01,6,35,1,6,2,2,,49
792,2024-03-02,7,64,1,19,5,6,,93
793,2024-03-03,15,99,2,19,13,12,,145
794,2024-03-04,20,92,12,16,13,14,,161
795,2024-03-05,7,58,6,23,11,8,,107
796,2024-03-06,13,68,2,20,11,9,,116
797,2024-03-07,19,85,10,30,13,10,,156
798,2024-03-08,24,183,9,30,17,14,,246
799,2024-03-09,19,130,9,18,5,9,,161
800,2024-03-10,7,101,0,14,12,8,,119
801,2024-03-11,12,61,2,24,11,9,,106
802,2024-03-12,25,88,14,31,19,13,,185
803,2024-03-13,23,182,13,24,20,20,,237
804,2024-03-14,11,105,9,24,11,12,,151
805,2024-03-15,8,97,6,26,3,10,,141
806,2024-03-16,17,90,5,20,6,12,,129
807,2024-03-17,11,66,1,22,20,11,,122
808,2024-03-18,24,70,12,26,17,10,,154
809,2024-03-19,44,200,20,36,24,17,,275
810,2024-03-20,13,150,7,24,20,12,,188
811,2024-03-21,17,132,6,15,13,10,,158
812,2024-03-22,1,47,5,13,5,4,,66
813,2024-03-23,32,208,15,36,24,24,,301
814,2024-03-24,8,118,2,16,8,5,,125
815,2024-03-25,1,22,4,5,8,2,,39
816,2024-03-26,25,96,9,26,16,9,,169
817,2024-03-27,13,56,4,26,9,9,,111
818,2024-03-28,13,50,6,24,10,9,,108
819,2024-03-29,37,193,19,41,27,20,,295
820,2024-03-30,19,163,10,30,25,14,,240
821,2024-03-31,9,134,3,22,10,4,,138
