no,season, daytime , night , price_sum ,hosin,general,anjin,dongyang,tongun,tayoung,yangha,carwash_sum
1,2022-01-01," 6,210,355 "," 13,220,559 "," 19,430,914 ",10 ,27 ,0 ,,,3 ,5 ,144 
2,2022-01-02," 8,864,089 "," 4,366,437 "," 13,230,526 ",15 ,29 ,0 ,,,4 ,18 ,192 
3,2022-01-03," 14,542,297 "," 7,642,959 "," 22,185,256 ",31 ,26 ,20 ,,,18 ,11 ,222 
4,2022-01-04," 15,309,906 "," 8,251,600 "," 23,561,506 ",19 ,37 ,15 ,,,14 ,18 ,190 
5,2022-01-05," 13,438,396 "," 8,786,440 "," 22,224,836 ",19 ,31 ,11 ,,,13 ,12 ,165 
6,2022-01-06," 14,079,454 "," 9,069,051 "," 23,148,505 ",20 ,37 ,15 ,,,14 ,12 ,201 
7,2022-01-07," 15,686,305 "," 9,015,568 "," 24,701,873 ",23 ,34 ,11 ,,,17 ,16 ,267 
8,2022-01-08," 12,718,612 "," 7,484,032 "," 20,202,644 ",5 ,31 ,9 ,,,8 ,11 ,161 
9,2022-01-09," 9,036,153 "," 5,151,538 "," 14,187,691 ",10 ,25 ,0 ,,,7 ,13 ,170 
10,2022-01-10," 14,198,038 "," 8,279,152 "," 22,477,190 ",21 ,24 ,14 ,,,18 ,14 ,191 
11,2022-01-11," 13,843,664 "," 8,905,580 "," 22,749,244 ",0 ,0 ,0 ,,,0 ,0 ,0 
12,2022-01-12," 13,877,970 "," 8,528,253 "," 22,406,223 ",14 ,8 ,6 ,,,6 ,18 ,0 
13,2022-01-13," 15,227,708 "," 9,171,763 "," 24,399,471 ",0 ,0 ,0 ,,,0 ,0 ,0 
14,2022-01-14," 14,319,815 "," 9,062,998 "," 23,382,813 ",0 ,0 ,0 ,,,0 ,0 ,0 
15,2022-01-15," 10,377,593 "," 6,366,061 "," 16,743,654 ",0 ,0 ,0 ,,,0 ,0 ,0 
16,2022-01-16," 10,098,717 "," 5,853,163 "," 15,951,880 ",0 ,0 ,0 ,,,0 ,0 ,0 
17,2022-01-17," 13,830,784 "," 7,781,478 "," 21,612,262 ",0 ,0 ,0 ,,,0 ,0 ,0 
18,2022-01-18," 14,212,794 "," 9,133,670 "," 23,346,464 ",0 ,0 ,0 ,,,0 ,0 ,0 
19,2022-01-19," 12,073,612 "," 8,299,347 "," 20,372,959 ",0 ,0 ,0 ,,,0 ,0 ,0 
20,2022-01-20," 16,431,488 "," 9,878,619 "," 26,310,107 ",24 ,45 ,17 ,,,20 ,31 ,323 
21,2022-01-21," 16,431,099 "," 8,815,487 "," 25,246,586 ",17 ,57 ,11 ,,,9 ,19 ,309 
22,2022-01-22," 14,246,294 "," 7,293,701 "," 21,539,995 ",11 ,46 ,12 ,,,10 ,11 ,278 
23,2022-01-23," 10,298,122 "," 5,453,010 "," 15,751,132 ",11 ,44 ,0 ,,,5 ,10 ,213 
24,2022-01-24," 15,360,120 "," 8,458,236 "," 23,818,356 ",20 ,43 ,15 ,,,17 ,18 ,323 
25,2022-01-25," 14,285,823 "," 8,495,917 "," 22,781,740 ",31 ,46 ,21 ,,,25 ,46 ,300 
26,2022-01-26," 15,235,389 "," 8,943,662 "," 24,179,051 ",18 ,47 ,10 ,,,12 ,18 ,266 
27,2022-01-27," 14,804,258 "," 9,791,335 "," 24,595,593 ",18 ,24 ,13 ,,,7 ,17 ,235 
28,2022-01-28," 17,086,566 "," 9,276,408 "," 26,362,974 ",15 ,34 ,8 ,,,9 ,16 ,255 
29,2022-01-29," 13,352,376 "," 7,530,748 "," 20,883,124 ",9 ,30 ,7 ,,,10 ,19 ,190 
30,2022-01-30," 9,132,045 "," 4,992,839 "," 14,124,884 ",8 ,8 ,0 ,,,7 ,12 ,128 
31,2022-01-31," 7,717,312 "," 961,576 "," 8,678,888 ",4 ,17 ,0 ,,,2 ,16 ,105 
32,2022-02-01," 2,069,762 "," 7,933,850 "," 10,003,612 ",0 ,0 ,0 ,,,0 ,0 ,0 
33,2022-02-02," 6,911,422 "," 4,500,557 "," 11,411,979 ",0 ,0 ,0 ,,,0 ,0 ,0 
34,2022-02-03," 13,505,127 "," 7,276,900 "," 20,782,027 ",16 ,20 ,12 ,,,13 ,22 ,166 
35,2022-02-04," 14,992,115 "," 8,377,018 "," 23,369,133 ",14 ,15 ,7 ,,,7 ,7 ,119 
36,2022-02-05," 10,991,122 "," 6,513,851 "," 17,504,973 ",5 ,13 ,6 ,,,4 ,5 ,93 
37,2022-02-06," 8,705,520 "," 4,782,237 "," 13,487,757 ",3 ,19 ,0 ,,,9 ,8 ,157 
38,2022-02-07," 13,409,604 "," 8,086,903 "," 21,496,507 ",19 ,25 ,21 ,,,18 ,12 ,179 
39,2022-02-08," 13,147,783 "," 7,556,426 "," 20,704,209 ",18 ,25 ,11 ,,,10 ,12 ,179 
40,2022-02-09," 13,557,404 "," 8,824,806 "," 22,382,210 ",9 ,27 ,11 ,,,13 ,18 ,207 
41,2022-02-10," 12,882,775 "," 9,058,674 "," 21,941,449 ",25 ,16 ,11 ,,,10 ,17 ,213 
42,2022-02-11," 13,759,117 "," 8,759,260 "," 22,518,377 ",12 ,23 ,9 ,,,11 ,10 ,201 
43,2022-02-12," 12,610,878 "," 7,325,057 "," 19,935,935 ",9 ,16 ,14 ,,,12 ,14 ,216 
44,2022-02-13," 7,924,962 "," 4,993,693 "," 12,918,655 ",6 ,18 ,0 ,,,4 ,4 ,105 
45,2022-02-14," 12,395,745 "," 7,662,421 "," 20,058,166 ",3 ,3 ,4 ,,,4 ,3 ,75 
46,2022-02-15," 13,987,345 "," 8,600,621 "," 22,587,966 ",30 ,24 ,16 ,,,29 ,28 ,209 
47,2022-02-16," 14,006,536 "," 8,773,788 "," 22,780,324 ",6 ,13 ,1 ,,,5 ,6 ,75 
48,2022-02-17," 14,501,059 "," 8,167,351 "," 22,668,410 ",11 ,16 ,7 ,,,7 ,11 ,126 
49,2022-02-18," 14,944,805 "," 8,313,712 "," 23,258,517 ",14 ,28 ,13 ,,,12 ,14 ,219 
50,2022-02-19," 12,327,252 "," 7,410,797 "," 19,738,049 ",7 ,19 ,6 ,,,5 ,7 ,166 
51,2022-02-20," 9,116,822 "," 5,595,970 "," 14,712,792 ",10 ,36 ,0 ,,,9 ,13 ,148 
52,2022-02-21," 14,472,754 "," 7,866,918 "," 22,339,672 ",33 ,54 ,20 ,,,23 ,22 ,239 
53,2022-02-22," 14,225,918 "," 8,658,114 "," 22,884,032 ",8 ,21 ,6 ,,,5 ,11 ,142 
54,2022-02-23," 13,317,646 "," 8,806,443 "," 22,124,089 ",14 ,15 ,9 ,,,8 ,11 ,135 
55,2022-02-24," 14,076,411 "," 8,700,308 "," 22,776,719 ",13 ,18 ,12 ,,,18 ,18 ,189 
56,2022-02-25," 15,534,456 "," 7,849,900 "," 23,384,356 ",14 ,19 ,10 ,,,9 ,12 ,206 
57,2022-02-26," 11,070,216 "," 6,568,132 "," 17,638,348 ",6 ,4 ,6 ,,,5 ,7 ,89 
58,2022-02-27," 10,648,763 "," 5,746,583 "," 16,395,346 ",18 ,48 ,7 ,,,13 ,23 ,277 
59,2022-02-28," 13,938,421 "," 1,869,833 "," 15,808,254 ",30 ,32 ,20 ,,,15 ,21 ,273 
60,2022-03-01," 6,154,336 "," 11,832,624 "," 17,986,960 ",17 ,35 ,0 ,,,2 ,30 ,174 
61,2022-03-02," 14,240,044 "," 9,216,646 "," 23,456,690 ",24 ,28 ,28 ,,,26 ,17 ,270 
62,2022-03-03," 13,856,549 "," 7,922,026 "," 21,778,575 ",14 ,30 ,13 ,,,11 ,18 ,203 
63,2022-03-04," 12,861,693 "," 8,431,746 "," 21,293,439 ",4 ,15 ,9 ,,,8 ,9 ,136 
64,2022-03-05," 12,282,275 "," 7,860,059 "," 20,142,334 ",17 ,20 ,13 ,,,8 ,16 ,215 
65,2022-03-06," 8,722,654 "," 5,796,956 "," 14,519,610 ",9 ,19 ,1 ,,,12 ,3 ,147 
66,2022-03-07," 13,425,180 "," 8,932,086 "," 22,357,266 ",11 ,26 ,13 ,,,18 ,15 ,195 
67,2022-03-08," 12,814,096 "," 8,881,417 "," 21,695,513 ",18 ,19 ,11 ,,,9 ,15 ,178 
68,2022-03-09," 8,553,410 "," 4,739,853 "," 13,293,263 ",11 ,12 ,0 ,,,3 ,11 ,129 
69,2022-03-10," 11,345,831 "," 8,537,987 "," 19,883,818 ",12 ,21 ,18 ,,,18 ,14 ,160 
70,2022-03-11," 13,093,222 "," 9,003,743 "," 22,096,965 ",13 ,19 ,10 ,,,11 ,7 ,177 
71,2022-03-12," 10,225,453 "," 7,468,871 "," 17,694,324 ",10 ,23 ,7 ,,,3 ,7 ,126 
72,2022-03-13," 6,395,275 "," 5,137,878 "," 11,533,153 ",4 ,8 ,0 ,,,2 ,11 ,54 
73,2022-03-14," 13,001,158 "," 7,974,287 "," 20,975,445 ",6 ,20 ,1 ,,,3 ,7 ,65 
74,2022-03-15," 14,193,375 "," 8,540,768 "," 22,734,143 ",35 ,68 ,20 ,,,24 ,29 ,304 
75,2022-03-16," 12,357,636 "," 8,610,432 "," 20,968,068 ",15 ,10 ,6 ,,,10 ,8 ,151 
76,2022-03-17," 12,376,455 "," 8,944,329 "," 21,320,784 ",6 ,13 ,12 ,,,7 ,8 ,108 
77,2022-03-18," 12,893,920 "," 8,170,622 "," 21,064,542 ",31 ,36 ,18 ,,,21 ,25 ,227 
78,2022-03-19," 10,867,827 "," 7,349,164 "," 18,216,991 ",12 ,21 ,9 ,,,8 ,16 ,108 
79,2022-03-20," 9,654,013 "," 5,546,636 "," 15,200,649 ",7 ,38 ,0 ,,,5 ,11 ,192 
80,2022-03-21," 13,084,605 "," 8,520,163 "," 21,604,768 ",16 ,29 ,8 ,,,13 ,16 ,217 
81,2022-03-22," 12,052,959 "," 8,295,747 "," 20,348,706 ",19 ,19 ,13 ,,,13 ,6 ,177 
82,2022-03-23," 12,900,848 "," 9,180,501 "," 22,081,349 ",6 ,15 ,5 ,,,10 ,12 ,134 
83,2022-03-24," 13,240,902 "," 8,619,693 "," 21,860,595 ",8 ,12 ,4 ,,,8 ,11 ,120 
84,2022-03-25," 12,631,694 "," 8,748,081 "," 21,379,775 ",9 ,11 ,6 ,,,5 ,6 ,105 
85,2022-03-26," 11,063,500 "," 8,244,717 "," 19,308,217 ",12 ,27 ,7 ,,,9 ,22 ,146 
86,2022-03-27," 9,498,961 "," 6,837,424 "," 16,336,385 ",9 ,25 ,0 ,,,6 ,9 ,163 
87,2022-03-28," 12,275,999 "," 8,278,640 "," 20,554,639 ",18 ,26 ,12 ,,,17 ,8 ,198 
88,2022-03-29," 12,252,426 "," 9,932,457 "," 22,184,883 ",13 ,23 ,6 ,,,10 ,8 ,150 
89,2022-03-30," 11,323,467 "," 8,545,755 "," 19,869,222 ",5 ,10 ,9 ,,,5 ,9 ,90 
90,2022-03-31," 13,016,833 "," 948,634 "," 13,965,467 ",27 ,33 ,15 ,,,18 ,22 ,267 
91,2022-04-01," 7,296,984 "," 25,239,926 "," 32,536,910 ",16 ,12 ,16 ,,,14 ,39 ,225 
92,2022-04-02," 13,613,279 "," 8,883,523 "," 22,496,802 ",10 ,29 ,11 ,,,8 ,7 ,185 
93,2022-04-03," 9,621,367 "," 6,894,030 "," 16,515,397 ",5 ,26 ,0 ,,,4 ,11 ,124 
94,2022-04-04," 15,020,510 "," 9,787,410 "," 24,807,920 ",16 ,13 ,10 ,,,16 ,12 ,148 
95,2022-04-05," 15,308,465 "," 9,529,826 "," 24,838,291 ",15 ,30 ,10 ,,,12 ,10 ,200 
96,2022-04-06," 13,827,683 "," 9,714,527 "," 23,542,210 ",18 ,21 ,12 ,,,10 ,11 ,158 
97,2022-04-07," 15,086,795 "," 11,057,671 "," 26,144,466 ",8 ,38 ,10 ,,,9 ,13 ,184 
98,2022-04-08," 15,002,316 "," 11,054,450 "," 26,056,766 ",13 ,39 ,11 ,,,13 ,12 ,187 
99,2022-04-09," 12,832,315 "," 8,741,071 "," 21,573,386 ",33 ,65 ,26 ,,,24 ,40 ,309 
100,2022-04-10, - ," 6,836,772 "," 6,836,772 ",12 ,81 ,0 ,,,2 ,15 ,200 
101,2022-04-11," 15,323,063 "," 9,267,192 "," 24,590,255 ",20 ,47 ,17 ,,,17 ,12 ,199 
102,2022-04-12," 12,809,869 "," 9,033,571 "," 21,843,440 ",16 ,14 ,19 ,,,10 ,12 ,123 
103,2022-04-13," 13,598,329 "," 9,982,300 "," 23,580,629 ",30 ,25 ,19 ,,,19 ,32 ,200 
104,2022-04-14," 14,611,883 "," 10,738,316 "," 25,350,199 ",14 ,39 ,16 ,,,17 ,18 ,213 
105,2022-04-15," 15,551,546 "," 10,270,885 "," 25,822,431 ",8 ,25 ,4 ,,,4 ,7 ,139 
106,2022-04-16," 14,530,295 "," 8,863,054 "," 23,393,349 ",17 ,36 ,15 ,,,7 ,16 ,212 
107,2022-04-17," 10,414,346 "," 6,302,797 "," 16,717,143 ",13 ,42 ,0 ,,,6 ,12 ,177 
108,2022-04-18," 14,907,710 "," 9,115,575 "," 24,023,285 ",10 ,34 ,11 ,,,13 ,16 ,170 
109,2022-04-19," 15,385,160 "," 9,752,664 "," 25,137,824 ",24 ,35 ,18 ,,,14 ,16 ,230 
110,2022-04-20," 13,919,231 "," 10,360,303 "," 24,279,534 ",22 ,27 ,11 ,,,11 ,14 ,195 
111,2022-04-21," 14,575,660 "," 10,739,716 "," 25,315,376 ",14 ,18 ,10 ,,,14 ,14 ,185 
112,2022-04-22," 15,182,159 "," 11,592,139 "," 26,774,298 ",9 ,21 ,9 ,,,10 ,11 ,148 
113,2022-04-23," 12,774,576 "," 9,519,255 "," 22,293,831 ",17 ,45 ,11 ,,,7 ,18 ,204 
114,2022-04-24," 10,514,722 "," 7,181,966 "," 17,696,688 ",11 ,48 ,0 ,,,8 ,13 ,164 
115,2022-04-25," 14,508,757 "," 9,547,774 "," 24,056,531 ",26 ,37 ,19 ,,,18 ,27 ,204 
116,2022-04-26," 15,358,197 "," 9,944,862 "," 25,303,059 ",32 ,82 ,15 ,,,18 ,34 ,307 
117,2022-04-27," 15,879,290 "," 9,866,827 "," 25,746,117 ",22 ,56 ,13 ,,,12 ,11 ,235 
118,2022-04-28," 15,340,542 "," 10,164,467 "," 25,505,009 ",11 ,43 ,11 ,,,13 ,15 ,191 
119,2022-04-29," 13,920,965 "," 10,817,854 "," 24,738,819 ",18 ,63 ,18 ,,,15 ,37 ,244 
120,2022-04-30," 12,581,244 "," 1,217,149 "," 13,798,393 ",12 ,33 ,14 ,,,5 ,11 ,187 
121,2022-05-01," 7,428,532 "," 16,578,696 "," 24,007,228 ",9 ,40 ,0 ,,,4 ,6 ,171 
122,2022-05-02," 14,992,841 "," 9,119,799 "," 24,112,640 ",30 ,27 ,21 ,,,23 ,19 ,270 
123,2022-05-03," 14,761,662 "," 9,488,815 "," 24,250,477 ",15 ,37 ,11 ,,,7 ,14 ,213 
124,2022-05-04," 14,470,264 "," 11,218,114 "," 25,688,378 ",12 ,41 ,14 ,,,12 ,17 ,197 
125,2022-05-05," 10,776,668 "," 7,226,846 "," 18,003,514 ",9 ,24 ,1 ,,,5 ,9 ,172 
126,2022-05-06," 13,114,704 "," 9,878,936 "," 22,993,640 ",20 ,40 ,9 ,,,18 ,18 ,172 
127,2022-05-07," 13,774,005 "," 9,214,399 "," 22,988,404 ",19 ,40 ,14 ,,,6 ,20 ,217 
128,2022-05-08," 10,084,139 "," 6,749,217 "," 16,833,356 ",8 ,18 ,0 ,,,3 ,12 ,135 
129,2022-05-09," 14,092,437 "," 9,736,228 "," 23,828,665 ",38 ,60 ,22 ,,,22 ,26 ,302 
130,2022-05-10," 14,732,137 "," 9,411,231 "," 24,143,368 ",14 ,31 ,7 ,,,10 ,14 ,184 
131,2022-05-11," 14,807,440 "," 10,103,314 "," 24,910,754 ",20 ,43 ,15 ,,,11 ,19 ,238 
132,2022-05-12," 15,354,677 "," 9,619,145 "," 24,973,822 ",17 ,41 ,9 ,,,9 ,15 ,222 
133,2022-05-13," 14,479,641 "," 11,913,808 "," 26,393,449 ",15 ,29 ,13 ,,,14 ,12 ,193 
134,2022-05-14," 13,245,386 "," 9,407,018 "," 22,652,404 ",18 ,49 ,5 ,,,9 ,15 ,216 
135,2022-05-15," 10,081,025 "," 5,569,788 "," 15,650,813 ",14 ,43 ,0 ,,,7 ,17 ,187 
136,2022-05-16," 14,674,242 "," 9,882,754 "," 24,556,996 ",25 ,37 ,13 ,,,23 ,23 ,237 
137,2022-05-17," 13,792,228 "," 9,588,573 "," 23,380,801 ",5 ,22 ,7 ,,,4 ,6 ,119 
138,2022-05-18," 14,300,702 "," 10,324,891 "," 24,625,593 ",48 ,52 ,28 ,,,22 ,47 ,315 
139,2022-05-19," 14,647,119 "," 11,222,541 "," 25,869,660 ",7 ,22 ,5 ,,,5 ,6 ,98 
140,2022-05-20," 14,885,357 "," 10,377,428 "," 25,262,785 ",10 ,27 ,8 ,,,12 ,10 ,164 
141,2022-05-21," 12,283,654 "," 8,872,906 "," 21,156,560 ",23 ,33 ,8 ,,,10 ,16 ,232 
142,2022-05-22," 9,884,591 "," 6,605,255 "," 16,489,846 ",6 ,27 ,0 ,,,3 ,11 ,158 
143,2022-05-23," 15,138,085 "," 9,510,340 "," 24,648,425 ",24 ,43 ,17 ,,,19 ,16 ,251 
144,2022-05-24," 14,861,330 "," 10,174,239 "," 25,035,569 ",13 ,36 ,12 ,,,8 ,14 ,188 
145,2022-05-25," 13,938,093 "," 10,063,456 "," 24,001,549 ",9 ,30 ,3 ,,,12 ,9 ,139 
146,2022-05-26," 16,490,773 "," 10,654,956 "," 27,145,729 ",18 ,59 ,17 ,,,20 ,36 ,297 
147,2022-05-27," 15,309,607 "," 11,208,892 "," 26,518,499 ",20 ,31 ,8 ,,,8 ,13 ,232 
148,2022-05-28," 13,044,139 "," 9,007,802 "," 22,051,941 ",11 ,38 ,8 ,,,11 ,15 ,194 
149,2022-05-29," 9,518,734 "," 6,931,621 "," 16,450,355 ",0 ,0 ,0 ,,,0 ,0 ,0 
150,2022-05-30," 14,802,347 "," 8,920,752 "," 23,723,099 ",13 ,13 ,6 ,,,7 ,13 ,120 
151,2022-05-31," 14,540,795 "," 1,108,055 "," 15,648,850 ",21 ,37 ,9 ,,,12 ,18 ,223 
152,2022-06-01," 8,602,451 "," 17,984,602 "," 26,587,053 ",7 ,25 ,0 ,,,3 ,16 ,175 
153,2022-06-02," 13,548,953 "," 9,996,142 "," 23,545,095 ",17 ,35 ,13 ,,,2 ,15 ,198 
154,2022-06-03," 15,015,506 "," 10,972,034 "," 25,987,540 ",15 ,38 ,12 ,,,3 ,14 ,196 
155,2022-06-04," 13,149,876 "," 9,654,602 "," 22,804,478 ",19 ,35 ,9 ,,,7 ,20 ,203 
156,2022-06-05," 7,977,945 "," 6,486,970 "," 14,464,915 ",6 ,15 ,0 ,,,4 ,12 ,104 
157,2022-06-06," 10,660,161 "," 5,555,106 "," 16,215,267 ",13 ,33 ,1 ,,,7 ,25 ,165 
158,2022-06-07," 15,857,862 "," 10,335,408 "," 26,193,270 ",20 ,31 ,16 ,,,4 ,22 ,229 
159,2022-06-08," 14,915,653 "," 10,156,095 "," 25,071,748 ",19 ,23 ,9 ,,,5 ,16 ,170 
160,2022-06-09," 16,282,380 "," 10,392,962 "," 26,675,342 ",30 ,35 ,15 ,,,6 ,32 ,239 
161,2022-06-10," 14,640,003 "," 10,444,182 "," 25,084,185 ",17 ,29 ,12 ,,,2 ,23 ,175 
162,2022-06-11," 14,423,523 "," 9,394,314 "," 23,817,837 ",28 ,57 ,14 ,,,14 ,24 ,309 
163,2022-06-12," 9,327,111 "," 6,665,928 "," 15,993,039 ",14 ,27 ,2 ,,,3 ,11 ,176 
164,2022-06-13," 14,940,824 "," 9,706,361 "," 24,647,185 ",15 ,26 ,16 ,,,3 ,24 ,217 
165,2022-06-14," 14,322,678 "," 10,603,696 "," 24,926,374 ",9 ,26 ,9 ,,,0 ,14 ,168 
166,2022-06-15," 13,776,290 "," 10,693,132 "," 24,469,422 ",2 ,3 ,0 ,,,1 ,2 ,14 
167,2022-06-16," 15,702,841 "," 10,660,514 "," 26,363,355 ",23 ,39 ,17 ,,,3 ,34 ,235 
168,2022-06-17," 15,068,023 "," 10,980,766 "," 26,048,789 ",11 ,25 ,9 ,,,4 ,8 ,174 
169,2022-06-18," 12,883,639 "," 9,812,075 "," 22,695,714 ",14 ,25 ,10 ,,,5 ,16 ,148 
170,2022-06-19," 9,664,994 "," 6,813,378 "," 16,478,372 ",10 ,25 ,0 ,,,4 ,13 ,141 
171,2022-06-20," 13,991,040 "," 10,669,412 "," 24,660,452 ",25 ,23 ,18 ,,,3 ,25 ,205 
172,2022-06-21," 15,901,771 "," 9,830,240 "," 25,732,011 ",19 ,25 ,10 ,,,3 ,16 ,201 
173,2022-06-22," 15,220,102 "," 10,367,338 "," 25,587,440 ",12 ,24 ,6 ,,,3 ,12 ,142 
174,2022-06-23," 14,479,131 "," 8,993,260 "," 23,472,391 ",3 ,3 ,2 ,,,0 ,3 ,24 
175,2022-06-24," 15,876,427 "," 10,502,238 "," 26,378,665 ",14 ,27 ,11 ,,,2 ,26 ,161 
176,2022-06-25," 13,085,349 "," 9,440,414 "," 22,525,763 ",15 ,19 ,10 ,,,8 ,15 ,157 
177,2022-06-26," 10,633,181 "," 7,710,103 "," 18,343,284 ",8 ,6 ,0 ,,,0 ,11 ,91 
178,2022-06-27," 14,515,161 "," 9,838,681 "," 24,353,842 ",1 ,2 ,1 ,,,1 ,3 ,15 
179,2022-06-28," 14,626,707 "," 8,683,898 "," 23,310,605 ",5 ,7 ,0 ,,,1 ,9 ,45 
180,2022-06-29," 14,195,681 "," 7,877,569 "," 22,073,250 ",1 ,0 ,0 ,,,0 ,2 ,6 
181,2022-06-30," 15,370,334 "," 1,639,178 "," 17,009,512 ",0 ,0 ,0 ,,,0 ,0 ,0 
182,2022-07-01," 7,720,486 "," 25,819,570 "," 33,540,056 ",8 ,24 ,4 ,,,4 ,11 ,135 
183,2022-07-02," 12,597,571 "," 9,418,114 "," 22,015,685 ",17 ,17 ,10 ,,,3 ,12 ,140 
184,2022-07-03," 9,672,248 "," 6,963,102 "," 16,635,350 ",15 ,19 ,0 ,,,3 ,10 ,152 
185,2022-07-04," 14,429,692 "," 9,504,113 "," 23,933,805 ",13 ,21 ,12 ,,,2 ,19 ,159 
186,2022-07-05," 14,053,533 "," 9,717,560 "," 23,771,093 ",15 ,20 ,9 ,,,4 ,18 ,145 
187,2022-07-06," 14,630,262 "," 10,002,555 "," 24,632,817 ",14 ,22 ,6 ,,,0 ,22 ,152 
188,2022-07-07," 14,685,424 "," 9,056,711 "," 23,742,135 ",5 ,4 ,5 ,,,1 ,9 ,65 
189,2022-07-08," 15,303,947 "," 9,768,610 "," 25,072,557 ",15 ,13 ,13 ,,,1 ,25 ,165 
190,2022-07-09," 12,161,014 "," 9,107,596 "," 21,268,610 ",8 ,39 ,11 ,,,1 ,10 ,151 
191,2022-07-10," 9,742,269 "," 6,627,019 "," 16,369,288 ",11 ,18 ,1 ,,,1 ,11 ,138 
192,2022-07-11," 14,881,974 "," 8,739,594 "," 23,621,568 ",16 ,23 ,16 ,,,4 ,17 ,170 
193,2022-07-12," 14,179,580 "," 9,951,468 "," 24,131,048 ",27 ,7 ,9 ,,,4 ,16 ,155 
194,2022-07-13," 12,641,031 "," 7,987,260 "," 20,628,291 ",0 ,0 ,0 ,,,0 ,0 ,0 
195,2022-07-14," 15,493,747 "," 10,121,157 "," 25,614,904 ",17 ,17 ,14 ,,,4 ,26 ,186 
196,2022-07-15," 15,391,569 "," 10,485,520 "," 25,877,089 ",12 ,24 ,8 ,,,3 ,9 ,137 
197,2022-07-16," 12,542,668 "," 8,795,271 "," 21,337,939 ",15 ,22 ,8 ,,,4 ,15 ,156 
198,2022-07-17," 9,057,848 "," 7,489,524 "," 16,547,372 ",11 ,14 ,1 ,,,3 ,6 ,125 
199,2022-07-18," 14,617,672 "," 8,867,925 "," 23,485,597 ",17 ,22 ,11 ,,,5 ,16 ,180 
200,2022-07-19," 14,479,433 "," 9,308,576 "," 23,788,009 ",15 ,19 ,10 ,,,2 ,13 ,164 
201,2022-07-20," 12,551,497 "," 9,361,449 "," 21,912,946 ",12 ,14 ,11 ,,,0 ,10 ,113 
202,2022-07-21," 14,042,205 "," 10,566,112 "," 24,608,317 ",5 ,12 ,7 ,,,3 ,11 ,87 
203,2022-07-22," 15,289,677 "," 9,927,400 "," 25,217,077 ",6 ,20 ,9 ,,,2 ,16 ,139 
204,2022-07-23," 12,368,653 "," 7,225,262 "," 19,593,915 ",4 ,24 ,3 ,,,2 ,5 ,87 
205,2022-07-24," 10,208,534 "," 7,027,552 "," 17,236,086 ",7 ,18 ,2 ,,,4 ,12 ,103 
206,2022-07-25," 15,064,639 "," 9,133,831 "," 24,198,470 ",24 ,23 ,11 ,,,5 ,18 ,196 
207,2022-07-26," 14,475,967 "," 9,386,791 "," 23,862,758 ",12 ,18 ,3 ,,,3 ,12 ,120 
208,2022-07-27," 13,506,441 "," 10,524,246 "," 24,030,687 ",11 ,25 ,9 ,,,2 ,11 ,138 
209,2022-07-28," 14,937,279 "," 10,507,734 "," 25,445,013 ",14 ,21 ,9 ,,,4 ,17 ,157 
210,2022-07-29," 14,756,497 "," 10,817,533 "," 25,574,030 ",15 ,14 ,8 ,,,3 ,9 ,151 
211,2022-07-30," 12,631,396 "," 9,203,828 "," 21,835,224 ",12 ,26 ,7 ,,,2 ,11 ,144 
212,2022-07-31," 8,230,339 "," 735,119 "," 8,965,458 ",5 ,0 ,1 ,,,0 ,1 ,20 
213,2022-08-01," 3,928,978 "," 18,359,786 "," 22,288,764 ",16 ,25 ,8 ,,,2 ,2 ,94 
214,2022-08-02," 11,686,837 "," 6,318,757 "," 18,005,594 ",0 ,1 ,0 ,,,0 ,0 ,1 
215,2022-08-03," 10,993,906 "," 7,780,853 "," 18,774,759 ",7 ,18 ,5 ,,,0 ,0 ,64 
216,2022-08-04," 12,188,682 "," 7,125,915 "," 19,314,597 ",0 ,0 ,0 ,,,0 ,0 ,0 
217,2022-08-05," 13,515,764 "," 7,715,150 "," 21,230,914 ",15 ,15 ,9 ,,,2 ,0 ,108 
218,2022-08-06," 10,398,675 "," 6,215,615 "," 16,614,290 ",15 ,17 ,7 ,,,3 ,0 ,119 
219,2022-08-07," 8,504,805 "," 4,405,113 "," 12,909,918 ",6 ,16 ,1 ,,,1 ,0 ,96 
220,2022-08-08," 12,349,053 "," 5,982,318 "," 18,331,371 ",0 ,0 ,0 ,,,0 ,0 ,0 
221,2022-08-09," 11,175,083 "," 5,003,570 "," 16,178,653 ",0 ,0 ,0 ,,,0 ,0 ,0 
222,2022-08-10," 11,343,727 "," 6,883,411 "," 18,227,138 ",12 ,10 ,6 ,,,1 ,0 ,91 
223,2022-08-11," 12,133,351 "," 7,451,939 "," 19,585,290 ",3 ,14 ,5 ,,,0 ,0 ,67 
224,2022-08-12," 13,463,303 "," 7,802,605 "," 21,265,908 ",22 ,33 ,12 ,,,6 ,0 ,188 
225,2022-08-13," 8,178,191 "," 5,967,671 "," 14,145,862 ",4 ,4 ,4 ,,,1 ,0 ,27 
226,2022-08-14," 7,211,275 "," 4,762,804 "," 11,974,079 ",6 ,11 ,0 ,,,1 ,0 ,63 
227,2022-08-15," 7,195,858 "," 4,474,213 "," 11,670,071 ",3 ,15 ,0 ,,,2 ,0 ,51 
228,2022-08-16," 13,074,187 "," 6,220,486 "," 19,294,673 ",16 ,36 ,18 ,,,6 ,0 ,205 
229,2022-08-17," 13,216,603 "," 6,970,407 "," 20,187,010 ",17 ,23 ,5 ,,,2 ,0 ,151 
230,2022-08-18," 13,251,166 "," 7,443,904 "," 20,695,070 ",12 ,22 ,5 ,,,5 ,0 ,123 
231,2022-08-19," 11,549,506 "," 6,369,363 "," 17,918,869 ",4 ,10 ,4 ,,,2 ,0 ,54 
232,2022-08-20," 11,094,050 "," 6,808,437 "," 17,902,487 ",18 ,28 ,11 ,,,8 ,0 ,177 
233,2022-08-21," 8,112,554 "," 5,240,523 "," 13,353,077 ",0 ,0 ,0 ,,,0 ,0 ,0 
234,2022-08-22," 12,216,759 "," 6,687,308 "," 18,904,067 ",12 ,15 ,4 ,,,2 ,0 ,89 
235,2022-08-23," 13,232,440 "," 7,632,824 "," 20,865,264 ",14 ,25 ,10 ,,,2 ,0 ,154 
236,2022-08-24," 11,862,970 "," 7,135,924 "," 18,998,894 ",13 ,31 ,9 ,,,5 ,0 ,139 
237,2022-08-25," 11,666,669 "," 6,647,522 "," 18,314,191 ",6 ,12 ,5 ,,,2 ,0 ,55 
238,2022-08-26," 13,749,471 "," 7,537,426 "," 21,286,897 ",16 ,40 ,0 ,,,7 ,0 ,202 
239,2022-08-27," 10,513,091 "," 6,135,304 "," 16,648,395 ",14 ,40 ,8 ,,,2 ,0 ,156 
240,2022-08-28," 9,033,519 "," 4,896,624 "," 13,930,143 ",12 ,18 ,0 ,,,6 ,0 ,140 
241,2022-08-29," 11,272,176 "," 6,783,904 "," 18,056,080 ",5 ,7 ,4 ,,,2 ,0 ,52 
242,2022-08-30," 11,021,611 "," 7,029,823 "," 18,051,434 ",0 ,0 ,0 ,,,0 ,0 ,0 
243,2022-08-31," 12,105,843 "," 1,084,684 "," 13,190,527 ",10 ,23 ,11 ,,,2 ,0 ,129 
244,2022-09-01," 5,853,633 "," 17,796,467 "," 23,650,100 ",13 ,26 ,10 ,,,6 ,0 ,146 
245,2022-09-02," 11,453,723 "," 6,961,366 "," 18,415,089 ",20 ,31 ,8 ,,,7 ,0 ,149 
246,2022-09-03," 10,400,088 "," 6,335,130 "," 16,735,218 ",10 ,17 ,5 ,,,0 ,0 ,95 
247,2022-09-04," 6,129,126 "," 4,105,753 "," 10,234,879 ",0 ,1 ,0 ,,,0 ,0 ,2 
248,2022-09-05," 11,817,554 "," 5,210,966 "," 17,028,520 ",0 ,0 ,0 ,,,0 ,0 ,0 
249,2022-09-06," 4,548,970 "," 6,865,344 "," 11,414,314 ",4 ,29 ,9 ,,,6 ,0 ,128 
250,2022-09-07," 12,956,106 "," 7,961,844 "," 20,917,950 ",19 ,33 ,9 ,,,0 ,0 ,167 
251,2022-09-08," 13,053,840 "," 6,927,665 "," 19,981,505 ",14 ,31 ,6 ,,,5 ,0 ,174 
252,2022-09-09," 8,680,437 "," 2,944,343 "," 11,624,780 ",7 ,31 ,5 ,,,0 ,0 ,119 
253,2022-09-10," 6,624,943 "," 3,130,541 "," 9,755,484 ",2 ,11 ,2 ,,,2 ,0 ,65 
254,2022-09-11," 5,622,007 "," 3,271,468 "," 8,893,475 ",8 ,9 ,0 ,,,0 ,0 ,64 
255,2022-09-12," 6,050,512 "," 4,001,687 "," 10,052,199 ",15 ,26 ,1 ,,,3 ,0 ,100 
256,2022-09-13," 11,410,929 "," 7,138,956 "," 18,549,885 ",13 ,14 ,12 ,,,1 ,0 ,114 
257,2022-09-14," 10,619,896 "," 6,069,029 "," 16,688,925 ",15 ,11 ,10 ,,,3 ,0 ,112 
258,2022-09-15," 11,369,641 "," 6,215,446 "," 17,585,087 ",11 ,24 ,11 ,,,1 ,0 ,107 
259,2022-09-16," 10,492,754 "," 6,686,607 "," 17,179,361 ",8 ,17 ,7 ,,,2 ,0 ,96 
260,2022-09-17," 9,957,771 "," 5,577,729 "," 15,535,500 ",15 ,17 ,9 ,,,6 ,0 ,142 
261,2022-09-18," 6,339,776 "," 4,346,032 "," 10,685,808 ",0 ,0 ,0 ,,,0 ,0 ,0 
262,2022-09-19," 12,049,238 "," 6,967,248 "," 19,016,486 ",13 ,18 ,7 ,,,1 ,0 ,124 
263,2022-09-20," 10,830,246 "," 6,155,460 "," 16,985,706 ",14 ,28 ,11 ,,,5 ,0 ,136 
264,2022-09-21," 10,861,847 "," 6,397,471 "," 17,259,318 ",14 ,18 ,9 ,,,4 ,0 ,143 
265,2022-09-22," 11,809,397 "," 6,423,894 "," 18,233,291 ",14 ,14 ,9 ,,,2 ,0 ,129 
266,2022-09-23," 11,584,324 "," 6,668,466 "," 18,252,790 ",17 ,40 ,11 ,,,5 ,0 ,154 
267,2022-09-24," 9,518,116 "," 5,347,723 "," 14,865,839 ",16 ,36 ,8 ,,,8 ,0 ,150 
268,2022-09-25," 8,331,993 "," 4,161,126 "," 12,493,119 ",11 ,24 ,0 ,,,2 ,0 ,123 
269,2022-09-26," 10,018,265 "," 6,133,491 "," 16,151,756 ",16 ,19 ,10 ,,,1 ,0 ,121 
270,2022-09-27," 11,425,388 "," 6,439,209 "," 17,864,597 ",9 ,22 ,9 ,,,3 ,0 ,117 
271,2022-09-28," 10,517,708 "," 6,345,516 "," 16,863,224 ",15 ,14 ,10 ,,,1 ,0 ,110 
272,2022-09-29," 11,719,883 "," 6,623,384 "," 18,343,267 ",12 ,24 ,8 ,,,4 ,0 ,123 
273,2022-09-30," 11,361,446 "," 1,115,173 "," 12,476,619 ",14 ,22 ,7 ,,,2 ,0 ,110 
274,2022-10-01," 5,623,054 "," 15,853,908 "," 21,476,962 ",11 ,20 ,8 ,0 ,,9 ,,136 
275,2022-10-02," 6,314,336 "," 3,842,334 "," 10,156,670 ",8 ,11 ,0 ,0 ,,1 ,,39 
276,2022-10-03," 5,676,610 "," 3,633,796 "," 9,310,406 ",0 ,0 ,0 ,0 ,,0 ,,0 
277,2022-10-04," 11,130,661 "," 7,063,068 "," 18,193,729 ",12 ,17 ,8 ,0 ,,13 ,,100 
278,2022-10-05," 10,860,249 "," 6,794,088 "," 17,654,337 ",13 ,31 ,12 ,0 ,,11 ,,134 
279,2022-10-06," 10,136,355 "," 6,661,566 "," 16,797,921 ",13 ,12 ,5 ,0 ,,5 ,,113 
280,2022-10-07," 11,139,803 "," 7,883,593 "," 19,023,396 ",15 ,27 ,6 ,0 ,,14 ,,116 
281,2022-10-08," 9,580,214 "," 6,266,343 "," 15,846,557 ",6 ,12 ,5 ,0 ,,3 ,,73 
282,2022-10-09," 5,932,932 "," 4,141,140 "," 10,074,072 ",0 ,1 ,3 ,0 ,,2 ,,7 
283,2022-10-10," 7,565,834 "," 3,425,624 "," 10,991,458 ",5 ,25 ,3 ,0 ,,1 ,,64 
284,2022-10-11," 9,988,858 "," 7,752,574 "," 17,741,432 ",22 ,33 ,12 ,0 ,,17 ,,144 
285,2022-10-12," 9,868,387 "," 7,055,822 "," 16,924,209 ",15 ,23 ,10 ,0 ,,9 ,,125 
286,2022-10-13," 11,487,063 "," 6,777,308 "," 18,264,371 ",13 ,9 ,6 ,0 ,,11 ,,116 
287,2022-10-14," 12,117,366 "," 7,402,496 "," 19,519,862 ",9 ,26 ,7 ,0 ,,8 ,,136 
288,2022-10-15," 9,237,889 "," 6,417,829 "," 15,655,718 ",5 ,7 ,2 ,0 ,,4 ,,51 
289,2022-10-16," 7,305,901 "," 4,689,899 "," 11,995,800 ",7 ,12 ,0 ,14 ,,2 ,,97 
290,2022-10-17," 12,525,501 "," 7,628,919 "," 20,154,420 ",22 ,12 ,15 ,7 ,,13 ,,169 
291,2022-10-18," 11,978,124 "," 8,051,453 "," 20,029,577 ",11 ,16 ,9 ,33 ,,10 ,,169 
292,2022-10-19," 11,516,555 "," 7,684,356 "," 19,200,911 ",18 ,10 ,11 ,30 ,,7 ,,150 
293,2022-10-20," 13,694,096 "," 8,176,432 "," 21,870,528 ",2 ,5 ,3 ,15 ,,3 ,,70 
294,2022-10-21," 11,479,227 "," 8,454,494 "," 19,933,721 ",17 ,19 ,6 ,32 ,,10 ,,161 
295,2022-10-22," 10,486,600 "," 7,852,463 "," 18,339,063 ",11 ,24 ,5 ,31 ,,8 ,,172 
296,2022-10-23," 8,873,821 "," 4,807,147 "," 13,680,968 ",12 ,28 ,0 ,21 ,,7 ,,148 
297,2022-10-24," 12,704,304 "," 7,131,904 "," 19,836,208 ",8 ,21 ,11 ,25 ,,10 ,,163 
298,2022-10-25," 12,704,304 "," 7,126,904 "," 19,831,208 ",8 ,21 ,11 ,25 ,,10 ,,163 
299,2022-10-26," 10,907,754 "," 8,177,359 "," 19,085,113 ",17 ,18 ,7 ,25 ,,10 ,,140 
300,2022-10-27," 13,238,483 "," 8,419,198 "," 21,657,681 ",14 ,22 ,9 ,27 ,,3 ,,159 
301,2022-10-28," 12,595,840 "," 8,502,651 "," 21,098,491 ",14 ,27 ,7 ,26 ,,6 ,,177 
302,2022-10-29," 10,148,333 "," 7,685,811 "," 17,834,144 ",14 ,33 ,4 ,20 ,,8 ,,161 
303,2022-10-30," 8,160,457 "," 5,357,736 "," 13,518,193 ",9 ,25 ,0 ,23 ,,6 ,,136 
304,2022-10-31," 12,051,392 "," 979,725 "," 13,031,117 ",10 ,18 ,9 ,21 ,,8 ,,140 
305,2022-11-01," 5,716,692 "," 18,774,089 "," 24,490,781 ",13 ,25 ,3 ,28 ,,13 ,,157 
306,2022-11-02," 10,620,676 "," 7,575,061 "," 18,195,737 ",17 ,29 ,12 ,22 ,,7 ,,152 
307,2022-11-03," 10,651,940 "," 8,581,213 "," 19,233,153 ",4 ,12 ,5 ,20 ,,7 ,,101 
308,2022-11-04," 13,642,512 "," 8,598,209 "," 22,240,721 ",21 ,19 ,8 ,25 ,,12 ,,163 
309,2022-11-05," 9,576,231 "," 7,067,107 "," 16,643,338 ",14 ,20 ,4 ,19 ,,5 ,,160 
310,2022-11-06," 8,380,937 "," 5,580,885 "," 13,961,822 ",10 ,28 ,0 ,13 ,,2 ,,118 
311,2022-11-07," 12,339,743 "," 7,280,732 "," 19,620,475 ",12 ,12 ,10 ,22 ,,12 ,,154 
312,2022-11-08," 11,626,533 "," 7,072,970 "," 18,699,503 ",14 ,20 ,9 ,24 ,,10 ,,161 
313,2022-11-09," 11,824,689 "," 7,971,881 "," 19,796,570 ",9 ,26 ,7 ,19 ,,7 ,,125 
314,2022-11-10," 13,015,281 "," 7,977,239 "," 20,992,520 ",9 ,24 ,11 ,28 ,,12 ,,167 
315,2022-11-11," 12,806,131 "," 8,027,716 "," 20,833,847 ",16 ,19 ,10 ,26 ,,9 ,,172 
316,2022-11-12," 9,995,270 "," 6,823,484 "," 16,818,754 ",0 ,9 ,2 ,14 ,,1 ,,64 
317,2022-11-13," 8,692,144 "," 4,132,871 "," 12,825,015 ",10 ,13 ,0 ,18 ,,3 ,,90 
318,2022-11-14," 11,750,931 "," 8,255,264 "," 20,006,195 ",12 ,33 ,9 ,26 ,,10 ,,166 
319,2022-11-15," 11,751,671 "," 7,287,553 "," 19,039,224 ",10 ,25 ,10 ,28 ,,13 ,,143 
320,2022-11-16," 11,608,852 "," 7,876,241 "," 19,485,093 ",21 ,37 ,16 ,26 ,,17 ,,178 
321,2022-11-17," 11,989,130 "," 7,801,629 "," 19,790,759 ",13 ,15 ,6 ,23 ,,5 ,,128 
322,2022-11-18," 13,286,739 "," 7,888,828 "," 21,175,567 ",12 ,32 ,5 ,27 ,,9 ,,171 
323,2022-11-19," 10,629,837 "," 6,693,718 "," 17,323,555 ",11 ,33 ,5 ,23 ,,7 ,,165 
324,2022-11-20," 9,128,917 "," 4,636,046 "," 13,764,963 ",4 ,3 ,0 ,11 ,,1 ,,53 
325,2022-11-21," 11,871,554 "," 8,278,818 "," 20,150,372 ",7 ,8 ,7 ,12 ,,5 ,,78 
326,2022-11-22," 12,131,577 "," 7,095,389 "," 19,226,966 ",4 ,12 ,3 ,17 ,,7 ,,96 
327,2022-11-23," 11,366,119 "," 7,795,443 "," 19,161,562 ",30 ,29 ,12 ,29 ,,16 ,,210 
328,2022-11-24," 12,007,924 "," 7,407,598 "," 19,415,522 ",8 ,21 ,5 ,20 ,,9 ,,144 
329,2022-11-25," 14,038,465 "," 8,497,130 "," 22,535,595 ",9 ,32 ,5 ,19 ,,6 ,,186 
330,2022-11-26," 10,259,666 "," 7,628,696 "," 17,888,362 ",23 ,28 ,8 ,26 ,,10 ,,176 
331,2022-11-27," 10,159,794 "," 4,679,351 "," 14,839,145 ",6 ,21 ,0 ,15 ,,2 ,,117 
332,2022-11-28," 11,701,098 "," 6,609,761 "," 18,310,859 ",5 ,9 ,2 ,1 ,,1 ,,29 
333,2022-11-29," 13,508,976 "," 8,290,753 "," 21,799,729 ",35 ,66 ,20 ,32 ,,15 ,,262 
334,2022-11-30," 12,484,189 "," 1,370,061 "," 13,854,250 ",5 ,20 ,1 ,10 ,,2 ,,60 
335,2022-12-01," 5,716,692 "," 18,774,089 "," 24,490,781 ",15 ,44 ,10 ,8 ,3 ,7 ,,157 
336,2022-12-02," 10,620,676 "," 7,575,061 "," 18,195,737 ",9 ,76 ,4 ,13 ,7 ,6 ,,152 
337,2022-12-03," 10,651,940 "," 8,581,213 "," 19,233,153 ",12 ,88 ,1 ,12 ,7 ,4 ,,101 
338,2022-12-04," 13,642,512 "," 8,598,209 "," 22,240,721 ",20 ,80 ,7 ,21 ,15 ,13 ,,163 
339,2022-12-05," 9,576,231 "," 7,067,107 "," 16,643,338 ",12 ,52 ,8 ,21 ,10 ,6 ,,160 
340,2022-12-06," 8,380,937 "," 5,580,885 "," 13,961,822 ",9 ,25 ,5 ,13 ,6 ,2 ,,118 
341,2022-12-07," 12,339,743 "," 7,280,732 "," 19,620,475 ",30 ,131 ,10 ,29 ,24 ,20 ,,154 
342,2022-12-08," 11,626,533 "," 7,072,970 "," 18,699,503 ",11 ,129 ,10 ,18 ,12 ,5 ,,161 
343,2022-12-09," 11,824,689 "," 7,971,881 "," 19,796,570 ",14 ,88 ,8 ,22 ,17 ,9 ,,125 
344,2022-12-10," 13,015,281 "," 7,977,239 "," 20,992,520 ",11 ,52 ,1 ,12 ,6 ,2 ,,167 
345,2022-12-11," 12,806,131 "," 8,027,716 "," 20,833,847 ",0 ,0 ,0 ,0 ,0 ,0 ,,172 
346,2022-12-12," 9,995,270 "," 6,823,484 "," 16,818,754 ",30 ,77 ,14 ,29 ,26 ,9 ,,64 
347,2022-12-13," 8,692,144 "," 4,132,871 "," 12,825,015 ",11 ,46 ,5 ,18 ,12 ,10 ,,90 
348,2022-12-14," 11,750,931 "," 8,255,264 "," 20,006,195 ",0 ,1 ,2 ,5 ,2 ,0 ,,166 
349,2022-12-15," 11,751,671 "," 7,287,553 "," 19,039,224 ",4 ,9 ,6 ,11 ,1 ,4 ,,143 
350,2022-12-16," 11,608,852 "," 7,876,241 "," 19,485,093 ",19 ,39 ,3 ,15 ,10 ,7 ,,178 
351,2022-12-17," 11,989,130 "," 7,801,629 "," 19,790,759 ",0 ,0 ,0 ,0 ,0 ,0 ,,128 
352,2022-12-18," 13,286,739 "," 7,888,828 "," 21,175,567 ",0 ,0 ,0 ,0 ,0 ,0 ,,171 
353,2022-12-19," 10,629,837 "," 6,693,718 "," 17,323,555 ",0 ,0 ,0 ,0 ,0 ,0 ,,165 
354,2022-12-20," 9,128,917 "," 4,636,046 "," 13,764,963 ",0 ,0 ,0 ,0 ,0 ,0 ,,53 
355,2022-12-21," 11,871,554 "," 8,278,818 "," 20,150,372 ",0 ,0 ,0 ,0 ,0 ,0 ,,78 
356,2022-12-22," 12,131,577 "," 7,095,389 "," 19,226,966 ",0 ,0 ,0 ,0 ,0 ,0 ,,96 
357,2022-12-23," 11,366,119 "," 7,795,443 "," 19,161,562 ",0 ,0 ,0 ,0 ,0 ,0 ,,210 
358,2022-12-24," 12,007,924 "," 7,407,598 "," 19,415,522 ",0 ,0 ,0 ,0 ,0 ,0 ,,144 
359,2022-12-25," 14,038,465 "," 8,497,130 "," 22,535,595 ",0 ,0 ,0 ,0 ,0 ,0 ,,186 
360,2022-12-26," 10,259,666 "," 7,628,696 "," 17,888,362 ",0 ,0 ,0 ,0 ,0 ,0 ,,176 
361,2022-12-27," 10,159,794 "," 4,679,351 "," 14,839,145 ",0 ,0 ,0 ,0 ,0 ,0 ,,117 
362,2022-12-28," 11,701,098 "," 6,609,761 "," 18,310,859 ",0 ,0 ,0 ,0 ,0 ,0 ,,29 
363,2022-12-29," 13,508,976 "," 8,290,753 "," 21,799,729 ",0 ,0 ,0 ,0 ,0 ,0 ,,262 
364,2022-12-30," 12,484,189 "," 1,370,061 "," 13,854,250 ",0 ,0 ,0 ,0 ,0 ,0 ,,60 
365,2022-12-31," 12,484,189 "," 1,370,061 "," 13,854,250 ",0 ,0 ,0 ,0 ,0 ,0 ,,60 
366,2023-01-01," 5,146,091 "," 10,631,902 "," 15,777,993 ",8,35,0,10,,5,,137
367,2023-01-02," 11,278,229 "," 7,342,452 "," 18,620,681 ",14,34,10,15,,11,,135
368,2023-01-03," 12,200,676 "," 7,288,045 "," 19,488,721 ",13,18,1,14,,7,,104
369,2023-01-04," 11,265,144 "," 7,262,011 "," 18,527,155 ",11,27,6,24,,10,,153
370,2023-01-05," 11,365,880 "," 8,090,067 "," 19,455,947 ",6,23,6,21,,7,,136
371,2023-01-06," 12,404,970 "," 7,794,895 "," 20,199,865 ",5,19,3,10,,4,,136
372,2023-01-07," 10,827,014 "," 7,494,236 "," 18,321,250 ",30,68,26,33,,25,,268
373,2023-01-08," 7,974,334 "," 4,483,018 "," 12,457,352 ",9,39,0,11,,3,,134
374,2023-01-09," 11,945,216 "," 7,755,946 "," 19,701,162 ",15,38,11,19,,17,,191
375,2023-01-10," 12,280,787 "," 7,187,551 "," 19,468,338 ",18,27,9,27,,8,,183
376,2023-01-11," 11,102,958 "," 7,798,336 "," 18,901,294 ",10,31,3,22,,10,,153
377,2023-01-12," 12,066,468 "," 7,396,079 "," 19,462,547 ",16,15,7,26,,6,,160
378,2023-01-13," 11,004,838 "," 8,213,550 "," 19,218,388 ",4,17,1,9,,5,,43
379,2023-01-14," 9,243,478 "," 6,966,147 "," 16,209,625 ",12,15,6,28,,15,,89
380,2023-01-15," 8,065,052 "," 4,551,005 "," 12,616,057 ",11,15,0,13,,5,,67
381,2023-01-16," 14,683,143 "," 8,117,435 "," 22,800,578 ",22,38,11,17,,13,,193
382,2023-01-17," 12,050,011 "," 8,178,417 "," 20,228,428 ",9,16,6,17,,7,,131
383,2023-01-18," 12,288,067 "," 8,311,700 "," 20,599,767 ",13,39,10,25,,8,,184
384,2023-01-19," 14,098,151 "," 8,521,933 "," 22,620,084 ",10,31,6,24,,8,,191
385,2023-01-20," 15,663,134 "," 9,574,558 "," 25,237,692 ",47,121,18,34,,22,,378
386,2023-01-21," 10,034,027 "," 5,253,694 "," 15,287,721 ",6,45,2,10,,1,,176
387,2023-01-22," 6,943,000 "," 4,581,808 "," 11,524,808 ",0,0,0,0,,0,,0
388,2023-01-23," 7,030,025 "," 4,861,708 "," 11,891,733 ",7,42,0,6,,0,,135
389,2023-01-24," 6,083,911 "," 6,238,806 "," 12,322,717 ",0,0,0,0,,0,,0
390,2023-01-25," 13,303,791 "," 9,105,273 "," 22,409,064 ",0,0,0,0,,0,,0
391,2023-01-26," 10,386,465 "," 8,481,104 "," 18,867,569 ",22,38,8,15,,12,,137
392,2023-01-27," 13,601,797 "," 10,241,715 "," 23,843,512 ",12,38,7,11,,11,,135
393,2023-01-28," 11,807,035 "," 7,417,331 "," 19,224,366 ",11,31,14,26,,8,,201
394,2023-01-29," 9,979,797 "," 5,667,568 "," 15,647,365 ",10,46,0,19,,7,,174
395,2023-01-30," 13,222,360 "," 8,837,654 "," 22,060,014 ",23,46,15,24,,12,,277
396,2023-01-31," 12,106,119 "," 1,092,842 "," 13,198,961 ",8,51,5,25,,9,,210
397,2023-02-01," 7,361,254 "," 20,356,699 "," 27,717,953 ",21,58,16,29,,11,,267
398,2023-02-02," 12,293,370 "," 8,460,620 "," 20,753,990 ",10,36,11,27,,9,,170
399,2023-02-03," 11,955,248 "," 8,327,923 "," 20,283,171 ",15,14,1,13,,9,,151
400,2023-02-04," 11,706,365 "," 8,067,550 "," 19,773,915 ",14,31,4,24,,7,,199
401,2023-02-05," 8,742,964 "," 4,908,992 "," 13,651,956 ",7,45,0,8,,4,,149
402,2023-02-06," 11,996,432 "," 8,356,854 "," 20,353,286 ",16,26,12,26,,13,,199
403,2023-02-07," 12,193,037 "," 8,375,398 "," 20,568,435 ",8,39,10,29,,9,,178
404,2023-02-08," 12,400,269 "," 9,360,757 "," 21,761,026 ",21,18,13,27,,9,,190
405,2023-02-09," 11,405,931 "," 8,505,082 "," 19,911,013 ",11,35,6,26,,7,,178
406,2023-02-10," 12,723,275 "," 8,876,416 "," 21,599,691 ",37,109,25,37,,28,,339
407,2023-02-11," 11,782,901 "," 8,498,483 "," 20,281,384 ",13,55,11,25,,7,,250
408,2023-02-12," 9,225,058 "," 5,029,953 "," 14,255,011 ",9,24,2,20,,3,,162
409,2023-02-13," 10,851,239 "," 7,590,028 "," 18,441,267 ",12,21,10,23,,11,,164
410,2023-02-14," 11,877,631 "," 8,844,717 "," 20,722,348 ",13,26,6,25,,8,,180
411,2023-02-15," 12,046,866 "," 9,045,788 "," 21,092,654 ",17,19,7,23,,11,,172
412,2023-02-16," 11,053,158 "," 8,214,001 "," 19,267,159 ",8,26,7,27,,7,,157
413,2023-02-17," 12,962,704 "," 9,061,806 "," 22,024,510 ",9,28,8,17,,8,,183
414,2023-02-18," 9,777,448 "," 7,668,892 "," 17,446,340 ",9,14,7,22,,4,,126
415,2023-02-19," 8,253,326 "," 4,800,722 "," 13,054,048 ",23,81,1,19,,8,,202
416,2023-02-20," 11,784,400 "," 8,243,332 "," 20,027,732 ",27,44,17,26,,16,,249
417,2023-02-21," 12,130,464 "," 8,885,865 "," 21,016,329 ",10,24,5,25,,4,,150
418,2023-02-22," 11,871,677 "," 8,699,566 "," 20,571,243 ",9,40,7,22,,12,,178
419,2023-02-23," 12,697,327 "," 8,327,447 "," 21,024,774 ",11,30,6,29,,10,,180
420,2023-02-24," 12,653,607 "," 9,211,978 "," 21,865,585 ",11,33,5,29,,14,,210
421,2023-02-25," 9,793,360 "," 7,885,957 "," 17,679,317 ",10,53,9,22,,5,,163
422,2023-02-26," 9,903,125 "," 5,105,450 "," 15,008,575 ",11,50,2,15,,3,,172
423,2023-02-27," 10,950,637 "," 9,050,717 "," 20,001,354 ",18,32,9,23,,14,,188
424,2023-02-28," 12,980,133 "," 1,552,746 "," 14,532,879 ",8,16,9,24,,8,,151
425,2023-03-01," 7,497,133 "," 10,814,954 "," 18,312,087 ",5,78,2,15,11,3,,100
426,2023-03-02," 11,917,930 "," 8,365,317 "," 20,283,247 ",16,102,11,21,11,12,,164
427,2023-03-03," 11,322,460 "," 9,631,479 "," 20,953,939 ",11,93,9,24,15,11,,163
428,2023-03-04," 10,902,627 "," 8,542,955 "," 19,445,582 ",14,103,9,22,13,7,,171
429,2023-03-05," 7,559,167 "," 4,497,870 "," 12,057,037 ",12,101,3,16,9,5,,135
430,2023-03-06," 11,341,222 "," 8,731,855 "," 20,073,077 ",23,93,17,28,17,12,,169
431,2023-03-07," 10,834,882 "," 8,443,220 "," 19,278,102 ",8,104,8,17,11,10,,136
432,2023-03-08," 11,788,125 "," 7,953,030 "," 19,741,155 ",17,69,8,37,26,7,,161
433,2023-03-09," 11,491,907 "," 8,710,561 "," 20,202,468 ",38,123,24,35,26,24,,257
434,2023-03-10," 12,066,050 "," 9,809,439 "," 21,875,489 ",12,159,17,26,12,11,,220
435,2023-03-11," 9,475,998 "," 8,315,590 "," 17,791,588 ",12,95,4,19,14,7,,131
436,2023-03-12," 7,591,310 "," 4,720,628 "," 12,311,938 ",16,79,3,19,13,4,,125
437,2023-03-13," 11,275,748 "," 8,555,485 "," 19,831,233 ",20,120,16,22,15,17,,199
438,2023-03-14," 10,651,305 "," 8,321,744 "," 18,973,049 ",15,129,12,23,15,9,,175
439,2023-03-15," 10,577,755 "," 9,547,952 "," 20,125,707 ",7,79,5,24,16,5,,128
440,2023-03-16," 11,861,000 "," 8,831,001 "," 20,692,001 ",19,112,11,27,14,10,,188
441,2023-03-17," 11,721,170 "," 9,456,458 "," 21,177,628 ",11,141,8,23,13,5,,169
442,2023-03-18," 10,465,381 "," 8,805,655 "," 19,271,036 ",12,135,6,21,16,6,,170
443,2023-03-19," 6,907,678 "," 5,043,804 "," 11,951,482 ",11,109,3,13,13,6,,133
444,2023-03-20," 11,357,902 "," 7,669,389 "," 19,027,291 ",22,78,12,25,17,9,,170
445,2023-03-21," 10,455,204 "," 8,727,764 "," 19,182,968 ",14,114,7,26,12,12,,153
446,2023-03-22," 9,599,308 "," 8,989,222 "," 18,588,530 ",10,85,7,22,16,6,,125
447,2023-03-23," 11,404,122 "," 9,013,527 "," 20,417,649 ",17,123,16,32,18,17,,206
448,2023-03-24," 10,796,672 "," 10,371,697 "," 21,168,369 ",8,113,7,19,13,4,,140
449,2023-03-25," 9,151,958 "," 9,213,018 "," 18,364,976 ",20,126,8,22,16,8,,180
450,2023-03-26," 6,743,118 "," 5,483,997 "," 12,227,115 ",7,38,1,7,7,1,,47
451,2023-03-27," 9,499,020 "," 9,018,534 "," 18,517,554 ",14,68,10,22,15,10,,138
452,2023-03-28," 10,692,037 "," 8,391,242 "," 19,083,279 ",12,112,10,25,14,12,,169
453,2023-03-29," 12,062,790 "," 9,159,170 "," 21,221,960 ",16,133,8,28,20,8,,206
454,2023-03-30," 10,795,807 "," 9,415,694 "," 20,211,501 ",18,94,10,24,15,11,,161
455,2023-03-31," 11,257,602 "," 1,305,713 "," 12,563,315 ",11,109,8,27,16,9,,175
456,2023-04-01," 9,175,976 "," 18,005,435 "," 27,181,411 ",11,128,6,20,13,9,,159
457,2023-04-02," 7,608,433 "," 5,113,235 "," 12,721,668 ",5,108,3,19,11,6,,130
458,2023-04-03," 11,217,531 "," 8,795,089 "," 20,012,620 ",14,88,6,20,16,13,,153
459,2023-04-04," 9,152,910 "," 8,695,395 "," 17,848,305 ",7,38,3,15,4,5,,61
460,2023-04-05," 9,758,232 "," 8,959,722 "," 18,717,954 ",0,0,0,0,0,0,,0
461,2023-04-06," 10,322,482 "," 9,879,720 "," 20,202,202 ",20,38,9,32,12,19,,128
462,2023-04-07," 11,552,111 "," 10,320,207 "," 21,872,318 ",27,140,16,25,23,20,,0
463,2023-04-08," 9,873,304 "," 8,786,265 "," 18,659,569 ",0,0,0,0,0,0,,0
464,2023-04-09," 7,100,777 "," 5,990,662 "," 13,091,439 ",0,0,0,0,0,0,,0
465,2023-04-10," 10,406,212 "," 8,193,112 "," 18,599,324 ",12,49,9,26,13,15,,124
466,2023-04-11," 9,874,484 "," 8,348,709 "," 18,223,193 ",17,82,9,33,20,13,,165
467,2023-04-12," 11,914,398 "," 9,172,800 "," 21,087,198 ",26,204,20,27,30,23,,308
468,2023-04-13," 10,566,282 "," 8,996,504 "," 19,562,786 ",22,159,18,34,14,13,,232
469,2023-04-14," 11,392,441 "," 9,697,972 "," 21,090,413 ",21,159,6,27,20,10,,214
470,2023-04-15," 9,075,277 "," 8,761,338 "," 17,836,615 ",29,102,12,29,19,11,,186
471,2023-04-16," 7,114,825 "," 4,862,217 "," 11,977,042 ",14,126,0,25,16,8,,176
472,2023-04-17," 10,928,962 "," 8,755,313 "," 19,684,275 ",24,149,17,25,18,17,,224
473,2023-04-18," 11,161,985 "," 8,698,674 "," 19,860,659 ",34,156,22,36,25,17,,269
474,2023-04-19," 10,901,287 "," 9,072,987 "," 19,974,274 ",22,228,7,31,18,14,,259
475,2023-04-20," 10,716,080 "," 8,910,204 "," 19,626,284 ",14,95,9,33,21,12,,172
476,2023-04-21," 12,325,341 "," 9,847,053 "," 22,172,394 ",23,207,15,33,15,12,,246
477,2023-04-22," 9,920,619 "," 8,703,739 "," 18,624,358 ",12,175,9,24,12,6,,195
478,2023-04-23," 7,109,116 "," 5,241,208 "," 12,350,324 ",4,106,2,20,13,6,,131
479,2023-04-24," 10,061,613 "," 8,616,281 "," 18,677,894 ",21,111,12,17,15,14,,174
480,2023-04-25," 9,732,185 "," 8,471,680 "," 18,203,865 ",17,52,11,27,16,7,,129
481,2023-04-26," 12,568,923 "," 8,742,550 "," 21,311,473 ",37,209,18,32,30,16,,314
482,2023-04-27," 10,742,943 "," 9,517,654 "," 20,260,597 ",9,166,13,33,15,6,,194
483,2023-04-28," 10,986,304 "," 9,797,906 "," 20,784,210 ",12,142,8,22,10,5,,163
484,2023-04-29," 8,726,393 "," 8,853,666 "," 17,580,059 ",20,53,7,22,8,6,,114
485,2023-04-30," 7,777,163 "," 1,020,339 "," 8,797,502 ",9,113,7,26,15,13,,169
486,2023-05-01," 4,806,475 "," 12,440,940 "," 17,247,415 ",16,151,3,7,8,3,,144
487,2023-05-02," 10,983,407 "," 8,756,751 "," 19,740,158 ",26,180,24,34,24,21,,277
488,2023-05-03," 9,709,561 "," 9,443,769 "," 19,153,330 ",8,94,8,26,9,10,,146
489,2023-05-04," 10,702,853 "," 9,293,003 "," 19,995,856 ",8,88,6,19,17,6,,118
490,2023-05-05," 6,493,574 "," 4,736,858 "," 11,230,432 ",0,0,0,0,0,0,,0
491,2023-05-06," 7,554,335 "," 8,281,162 "," 15,835,497 ",5,22,4,8,11,5,,54
492,2023-05-07," 7,703,931 "," 5,490,824 "," 13,194,755 ",11,99,2,34,8,7,,156
493,2023-05-08," 10,905,979 "," 8,450,963 "," 19,356,942 ",21,125,12,23,20,15,,207
494,2023-05-09," 10,740,678 "," 8,933,636 "," 19,674,314 ",14,95,7,29,8,8,,154
495,2023-05-10," 10,374,102 "," 8,351,067 "," 18,725,169 ",14,96,7,26,13,12,,166
496,2023-05-11," 10,851,758 "," 9,818,176 "," 20,669,934 ",15,82,9,27,12,15,,153
497,2023-05-12," 11,589,729 "," 10,328,328 "," 21,918,057 ",12,110,4,25,12,9,,166
498,2023-05-13," 8,989,747 "," 8,027,776 "," 17,017,523 ",16,91,8,24,19,9,,154
499,2023-05-14," 7,563,874 "," 6,017,516 "," 13,581,390 ",7,104,2,25,12,6,,140
500,2023-05-15," 10,679,204 "," 8,270,314 "," 18,949,518 ",21,120,16,27,18,15,,202
501,2023-05-16," 10,296,001 "," 8,509,568 "," 18,805,569 ",17,89,4,30,14,10,,162
502,2023-05-17," 9,928,937 "," 8,973,003 "," 18,901,940 ",17,83,5,35,19,13,,162
503,2023-05-18," 10,074,508 "," 9,012,482 "," 19,086,990 ",18,74,10,34,8,12,,145
504,2023-05-19," 11,033,808 "," 9,863,167 "," 20,896,975 ",17,167,8,33,25,13,,222
505,2023-05-20," 9,757,471 "," 8,959,284 "," 18,716,755 ",13,139,8,19,7,10,,165
506,2023-05-21," 7,939,483 "," 6,214,686 "," 14,154,169 ",5,42,3,10,11,6,,69
507,2023-05-22," 10,403,627 "," 8,632,745 "," 19,036,372 ",12,51,10,17,6,6,,103
508,2023-05-23," 10,892,134 "," 9,055,042 "," 19,947,176 ",29,122,16,31,23,18,,231
509,2023-05-24," 11,354,940 "," 8,843,351 "," 20,198,291 ",17,138,6,35,15,9,,197
510,2023-05-25," 9,773,926 "," 9,074,246 "," 18,848,172 ",6,66,1,13,6,12,,0
511,2023-05-26," 10,852,503 "," 10,848,870 "," 21,701,373 ",19,119,11,26,14,13,,177
512,2023-05-27," 7,155,506 "," 5,946,230 "," 13,101,736 ",1,7,2,7,11,1,,29
513,2023-05-28," 6,707,695 "," 5,217,609 "," 11,925,304 ",0,0,0,0,0,0,,0
514,2023-05-29," 8,713,901 "," 5,596,578 "," 14,310,479 ",20,77,1,28,16,7,,144
515,2023-05-30," 10,871,660 "," 9,522,057 "," 20,393,717 ",12,71,9,23,11,16,,137
516,2023-05-31," 9,312,179 "," 1,122,309 "," 10,434,488 ",17,81,3,20,19,12,,144
517,2023-06-01," 7,042,726 "," 17,793,921 "," 24,836,647 ",11,60,8,23,16,13,,126
518,2023-06-02," 11,438,059 "," 9,179,580 "," 20,617,639 ",16,115,8,22,10,12,,163
519,2023-06-03," 8,698,913 "," 9,075,683 "," 17,774,596 ",17,104,10,25,16,9,,158
520,2023-06-04," 6,714,628 "," 5,178,106 "," 11,892,734 ",6,87,3,21,13,6,,129
521,2023-06-05," 10,183,641 "," 8,516,538 "," 18,700,179 ",18,80,6,23,14,7,,143
522,2023-06-06," 6,627,281 "," 4,379,291 "," 11,006,572 ",15,89,0,18,15,3,,132
523,2023-06-07," 10,386,017 "," 8,164,049 "," 18,550,066 ",24,77,16,27,14,21,,168
524,2023-06-08," 10,115,227 "," 7,862,153 "," 17,977,380 ",17,53,5,32,14,8,,121
525,2023-06-09," 10,819,514 "," 8,663,740 "," 19,483,254 ",15,119,11,36,20,13,,195
526,2023-06-10," 8,663,478 "," 8,348,621 "," 17,012,099 ",5,61,8,14,5,2,,76
527,2023-06-11," 6,965,911 "," 5,589,883 "," 12,555,794 ",0,0,0,0,0,0,,0
528,2023-06-12," 10,086,157 "," 8,479,918 "," 18,566,075 ",13,56,4,21,12,10,,117
529,2023-06-13," 10,037,390 "," 7,839,999 "," 17,877,389 ",21,115,15,29,19,13,,197
530,2023-06-14," 10,063,091 "," 8,678,215 "," 18,741,306 ",8,50,5,22,14,8,,103
531,2023-06-15," 11,507,800 "," 8,488,980 "," 19,996,780 ",12,57,7,22,17,11,,96
532,2023-06-16," 10,627,002 "," 9,979,696 "," 20,606,698 ",10,122,9,30,16,11,,177
533,2023-06-17," 9,329,887 "," 8,842,847 "," 18,172,734 ",17,93,6,23,13,11,,160
534,2023-06-18," 6,751,519 "," 5,489,519 "," 12,241,038 ",7,83,2,13,13,8,,121
535,2023-06-19," 9,811,668 "," 8,809,520 "," 18,621,188 ",17,74,9,22,16,12,,150
536,2023-06-20," 10,385,536 "," 7,871,975 "," 18,257,511 ",10,34,7,42,20,10,,122
537,2023-06-21," 10,522,895 "," 8,383,485 "," 18,906,380 ",8,19,3,19,9,8,,68
538,2023-06-22," 10,758,048 "," 9,012,948 "," 19,770,996 ",14,113,7,35,20,13,,193
539,2023-06-23," 11,193,118 "," 10,704,672 "," 21,897,790 ",12,100,6,23,16,9,,144
540,2023-06-24," 9,338,406 "," 8,842,258 "," 18,180,664 ",15,80,7,23,11,7,,141
541,2023-06-25," 7,629,802 "," 6,394,544 "," 14,024,346 ",11,54,3,17,13,8,,104
542,2023-06-26," 9,907,363 "," 8,092,666 "," 18,000,029 ",3,11,2,12,2,3,,33
543,2023-06-27," 9,870,669 "," 9,119,609 "," 18,990,278 ",18,51,10,25,12,12,,128
544,2023-06-28," 10,833,438 "," 9,327,988 "," 20,161,426 ",10,55,5,23,16,6,,118
545,2023-06-29," 10,622,542 "," 9,365,387 "," 19,987,929 ",0,0,0,7,1,0,,8
546,2023-06-30," 10,120,108 "," 1,495,203 "," 11,615,311 ",13,68,12,26,17,9,,139
547,2023-07-01," 7,741,911 "," 16,896,657 "," 24,638,568 ",17,111,9,20,12,8,,149
548,2023-07-02," 6,976,336 "," 5,277,370 "," 12,253,706 ",7,88,2,12,13,5,,106
549,2023-07-03," 9,990,506 "," 7,943,784 "," 17,934,290 ",19,66,8,13,8,11,,127
550,2023-07-04," 9,687,099 "," 8,152,494 "," 17,839,593 ",1,9,2,6,6,0,,25
551,2023-07-05," 8,912,499 "," 8,586,368 "," 17,498,867 ",22,56,10,25,16,12,,140
552,2023-07-06," 10,498,643 "," 8,407,513 "," 18,906,156 ",8,66,6,27,13,9,,129
553,2023-07-07," 9,867,579 "," 8,674,670 "," 18,542,249 ",12,63,7,28,13,9,,125
554,2023-07-08," 7,890,289 "," 7,703,562 "," 15,593,851 ",11,49,3,20,16,6,,100
555,2023-07-09," 5,622,159 "," 4,561,703 "," 10,183,862 ",3,8,2,11,8,5,,39
556,2023-07-10," 10,353,735 "," 6,548,445 "," 16,902,180 ",10,44,9,21,14,9,,99
557,2023-07-11," 9,300,176 "," 7,403,836 "," 16,704,012 ",0,0,0,3,3,1,,7
558,2023-07-12," 10,430,679 "," 8,034,192 "," 18,464,871 ",7,27,6,18,8,8,,74
559,2023-07-13," 8,877,078 "," 7,419,084 "," 16,296,162 ",0,0,2,5,1,0,,10
560,2023-07-14," 10,091,966 "," 8,882,891 "," 18,974,857 ",0,0,0,0,0,0,,0
561,2023-07-15," 7,657,057 "," 7,595,220 "," 15,252,277 ",3,8,0,6,2,2,,22
562,2023-07-16," 6,288,632 "," 4,994,275 "," 11,282,907 ",14,28,2,17,12,5,,78
563,2023-07-17," 9,488,009 "," 7,805,594 "," 17,293,603 ",15,56,12,29,24,11,,140
564,2023-07-18," 9,204,689 "," 7,781,760 "," 16,986,449 ",11,30,8,28,9,8,,95
565,2023-07-19," 10,815,598 "," 8,149,558 "," 18,965,156 ",14,116,7,26,10,13,,172
566,2023-07-20," 10,076,864 "," 8,357,487 "," 18,434,351 ",11,76,9,27,12,6,,124
567,2023-07-21," 10,257,972 "," 9,484,646 "," 19,742,618 ",9,67,8,25,11,10,,125
568,2023-07-22," 8,160,552 "," 7,630,508 "," 15,791,060 ",5,37,1,15,9,1,,64
569,2023-07-23," 5,721,610 "," 5,799,546 "," 11,521,156 ",0,0,0,0,0,0,,0
570,2023-07-24," 9,798,800 "," 8,031,768 "," 17,830,568 ",8,63,10,22,12,13,,118
571,2023-07-25," 9,889,380 "," 7,617,159 "," 17,506,539 ",12,51,7,27,14,7,,107
572,2023-07-26," 9,854,911 "," 8,591,403 "," 18,446,314 ",14,43,7,30,13,8,,117
573,2023-07-27," 10,753,299 "," 8,841,617 "," 19,594,916 ",10,95,6,32,13,9,,149
574,2023-07-28," 10,734,435 "," 9,395,347 "," 20,129,782 ",13,108,6,26,8,7,,136
575,2023-07-29," 7,864,885 "," 8,170,761 "," 16,035,646 ",12,73,9,21,12,8,,120
576,2023-07-30," 6,151,475 "," 5,531,187 "," 11,682,662 ",9,73,5,9,13,2,,96
577,2023-07-31," 9,511,931 "," 1,193,477 "," 10,705,408 ",6,60,7,22,16,7,,111
578,2023-08-01," 6,386,041 "," 18,184,683 "," 24,570,724 ",13,74,4,17,17,7,,132
579,2023-08-02," 8,928,044 "," 8,069,867 "," 16,997,911 ",12,84,6,24,10,7,,130
580,2023-08-03," 8,975,829 "," 8,459,014 "," 17,434,843 ",15,66,9,28,10,11,,126
581,2023-08-04," 10,250,456 "," 8,870,651 "," 19,121,107 ",18,94,7,23,16,8,,140
582,2023-08-05," 8,120,175 "," 7,127,770 "," 15,247,945 ",14,108,5,24,9,10,,131
583,2023-08-06," 5,941,139 "," 4,775,736 "," 10,716,875 ",8,76,0,16,10,4,,99
584,2023-08-07," 10,167,063 "," 7,371,221 "," 17,538,284 ",17,104,7,23,13,8,,134
585,2023-08-08," 9,959,067 "," 7,916,711 "," 17,875,778 ",16,49,8,17,10,11,,110
586,2023-08-09," 10,154,442 "," 7,866,158 "," 18,020,600 ",7,55,3,21,11,5,,89
587,2023-08-10," 8,484,942 "," 5,566,233 "," 14,051,175 ",0,0,0,0,0,0,,0
588,2023-08-11," 9,034,107 "," 7,893,688 "," 16,927,795 ",0,0,0,0,0,0,,0
589,2023-08-12," 8,175,382 "," 7,114,914 "," 15,290,296 ",7,32,3,18,10,5,,69
590,2023-08-13," 6,347,376 "," 5,112,338 "," 11,459,714 ",11,71,2,19,11,3,,105
591,2023-08-14," 8,476,065 "," 7,325,068 "," 15,801,133 ",16,92,8,17,14,6,,143
592,2023-08-15," 6,364,886 "," 4,536,042 "," 10,900,928 ",12,64,3,17,9,3,,100
593,2023-08-16," 10,025,088 "," 8,059,975 "," 18,085,063 ",13,79,10,16,17,8,,134
594,2023-08-17," 9,871,026 "," 7,796,349 "," 17,667,375 ",7,72,8,28,11,7,,128
595,2023-08-18," 10,095,058 "," 8,854,578 "," 18,949,636 ",16,105,10,22,10,7,,143
596,2023-08-19," 8,328,023 "," 8,005,816 "," 16,333,839 ",13,76,10,33,10,10,,138
597,2023-08-20," 6,259,402 "," 5,652,395 "," 11,911,797 ",5,67,2,17,11,5,,91
598,2023-08-21," 9,415,960 "," 8,101,492 "," 17,517,452 ",18,88,8,23,12,8,,129
599,2023-08-22," 9,006,512 "," 7,797,669 "," 16,804,181 ",4,5,1,8,4,2,,28
600,2023-08-23," 9,536,923 "," 7,523,342 "," 17,060,265 ",0,0,0,0,0,0,,0
601,2023-08-24," 9,001,780 "," 7,782,061 "," 16,783,841 ",6,22,4,23,7,5,,68
602,2023-08-25," 9,515,914 "," 9,115,221 "," 18,631,135 ",12,74,7,21,10,9,,126
603,2023-08-26," 7,258,443 "," 7,769,002 "," 15,027,445 ",7,77,5,17,7,9,,105
604,2023-08-27," 6,655,387 "," 4,577,823 "," 11,233,210 ",2,41,2,16,9,0,,0
605,2023-08-28," 9,517,835 "," 7,402,836 "," 16,920,671 ",0,0,0,0,0,0,,0
606,2023-08-29," 8,826,340 "," 7,772,989 "," 16,599,329 ",0,0,0,0,0,0,,0
607,2023-08-30," 9,083,031 "," 7,963,803 "," 17,046,834 ",9,35,8,25,8,7,,88
608,2023-08-31," 9,061,060 "," 1,572,924 "," 10,633,984 ",19,97,5,28,11,9,,150
609,2023-09-01," 6,996,647 "," 18,029,597 "," 25,026,244 ",14,97,6,22,10,12,,143
610,2023-09-02," 8,059,831 "," 7,925,801 "," 15,985,632 ",10,83,7,17,11,4,,121
611,2023-09-03," 5,929,495 "," 4,703,460 "," 10,632,955 ",5,55,4,14,7,4,,82
612,2023-09-04," 8,485,556 "," 8,080,183 "," 16,565,739 ",10,71,4,15,10,9,,94
613,2023-09-05," 9,591,155 "," 8,566,452 "," 18,157,607 ",14,62,7,21,10,11,,112
614,2023-09-06," 9,890,764 "," 8,847,046 "," 18,737,810 ",14,60,8,27,14,5,,122
615,2023-09-07," 10,323,302 "," 8,857,505 "," 19,180,807 ",9,96,8,19,10,6,,137
616,2023-09-08," 10,348,125 "," 8,345,314 "," 18,693,439 ",11,88,5,23,15,7,,135
617,2023-09-09," 7,968,145 "," 7,643,318 "," 15,611,463 ",13,65,6,25,5,3,,108
618,2023-09-10," 7,755,182 "," 4,559,256 "," 12,314,438 ",5,74,4,14,8,4,,94
619,2023-09-11," 9,690,690 "," 7,544,819 "," 17,235,509 ",17,70,10,17,16,12,,131
620,2023-09-12," 9,268,100 "," 7,760,138 "," 17,028,238 ",16,60,4,19,8,11,,106
621,2023-09-13," 9,978,692 "," 7,673,884 "," 17,652,576 ",0,2,2,2,0,0,,0
622,2023-09-14," 8,748,116 "," 8,799,869 "," 17,547,985 ",9,48,8,25,18,9,,105
623,2023-09-15," 9,121,741 "," 8,954,442 "," 18,076,183 ",6,11,4,14,2,2,,39
624,2023-09-16," 8,313,400 "," 7,638,626 "," 15,952,026 ",6,50,6,15,10,4,,77
625,2023-09-17," 6,279,844 "," 5,689,434 "," 11,969,278 ",10,48,0,21,13,4,,86
626,2023-09-18," 10,838,567 "," 8,568,917 "," 19,407,484 ",16,101,7,20,8,9,,148
627,2023-09-19," 9,391,785 "," 6,844,686 "," 16,236,471 ",11,33,4,16,16,5,,85
628,2023-09-20," 9,593,560 "," 8,088,742 "," 17,682,302 ",0,0,0,0,0,0,,0
629,2023-09-21," 10,236,235 "," 8,412,954 "," 18,649,189 ",19,69,7,19,15,8,,132
630,2023-09-22," 10,662,003 "," 8,804,957 "," 19,466,960 ",13,90,7,23,14,6,,138
631,2023-09-23," 8,377,693 "," 7,822,536 "," 16,200,229 ",13,78,13,18,5,6,,118
632,2023-09-24," 7,115,818 "," 5,276,134 "," 12,391,952 ",10,52,3,14,11,5,,89
633,2023-09-25," 9,904,896 "," 7,645,042 "," 17,549,938 ",20,46,7,11,16,7,,102
634,2023-09-26," 10,042,551 "," 8,473,909 "," 18,516,460 ",0,0,0,0,0,0,,0
635,2023-09-27," 11,526,292 "," 8,644,312 "," 20,170,604 ",14,68,7,25,10,8,,128
636,2023-09-28," 6,769,882 "," 4,395,076 "," 11,164,958 ",11,111,0,18,9,4,,131
637,2023-09-29," 4,439,990 "," 4,634,374 "," 9,074,364 ",0,0,0,0,0,0,,0
638,2023-09-30," 5,131,553 "," 860,370 "," 5,991,923 ",6,54,1,13,10,1,,73
639,2023-10-01," 4,026,734 "," 8,452,284 "," 12,479,018 ",8,67,0,10,6,4,,74
640,2023-10-02," 6,797,536 "," 5,130,939 "," 11,928,475 ",7,67,3,15,9,1,,93
641,2023-10-03," 5,702,458 "," 3,888,394 "," 9,590,852 ",8,50,1,9,7,0,,68
642,2023-10-04," 8,576,488 "," 8,191,975 "," 16,768,463 ",4,56,11,7,2,6,,70
643,2023-10-05," 8,720,112 "," 8,167,261 "," 16,887,373 ",15,62,12,27,13,13,,141
644,2023-10-06," 10,250,913 "," 9,444,802 "," 19,695,715 ",5,43,6,13,4,3,,70
645,2023-10-07," 7,556,548 "," 8,036,528 "," 15,593,076 ",9,45,7,14,5,1,,74
646,2023-10-08," 5,470,880 "," 5,535,937 "," 11,006,817 ",6,33,1,8,6,1,,49
647,2023-10-09," 6,487,183 "," 3,892,831 "," 10,380,014 ",11,62,2,10,14,3,,88
648,2023-10-10," 10,626,049 "," 7,022,968 "," 17,649,017 ",17,92,11,22,18,13,,166
649,2023-10-11," 10,183,707 "," 7,631,263 "," 17,814,970 ",11,82,9,19,13,6,,133
650,2023-10-12," 9,333,397 "," 8,141,139 "," 17,474,536 ",10,68,4,16,8,9,,92
651,2023-10-13," 11,028,768 "," 9,354,496 "," 20,383,264 ",6,59,4,18,9,3,,96
652,2023-10-14," 7,454,682 "," 8,651,775 "," 16,106,457 ",13,34,3,23,11,8,,85
653,2023-10-15," 7,251,966 "," 4,909,402 "," 12,161,368 ",14,76,0,13,13,6,,109
654,2023-10-16," 10,056,641 "," 7,956,520 "," 18,013,161 ",21,71,11,12,7,9,,122
655,2023-10-17," 8,771,270 "," 7,917,796 "," 16,689,066 ",10,52,8,24,12,8,,109
656,2023-10-18," 9,565,762 "," 7,966,746 "," 17,532,508 ",10,32,5,13,5,4,,70
657,2023-10-19," 9,250,950 "," 8,663,410 "," 17,914,360 ",13,33,5,23,5,7,,85
658,2023-10-20," 10,280,203 "," 8,638,472 "," 18,918,675 ",14,83,7,17,9,8,,130
659,2023-10-21," 9,217,302 "," 7,418,789 "," 16,636,091 ",14,75,4,27,14,8,,135
660,2023-10-22," 7,271,077 "," 5,111,159 "," 12,382,236 ",8,66,0,13,8,4,,90
661,2023-10-23," 9,628,235 "," 8,027,341 "," 17,655,576 ",15,65,11,16,11,10,,122
662,2023-10-24," 9,288,122 "," 7,882,822 "," 17,170,944 ",11,55,4,21,11,4,,98
663,2023-10-25," 9,166,963 "," 7,740,129 "," 16,907,092 ",12,61,8,25,8,5,,114
664,2023-10-26," 9,168,153 "," 8,988,401 "," 18,156,554 ",6,29,7,13,3,6,,60
665,2023-10-27," 11,061,521 "," 8,990,262 "," 20,051,783 ",26,125,3,3,8,2,,205
666,2023-10-28," 9,244,430 "," 8,419,545 "," 17,663,975 ",11,126,7,20,16,7,,153
667,2023-10-29," 7,183,863 "," 4,714,016 "," 11,897,879 ",8,73,0,16,5,3,,90
668,2023-10-30," 9,535,368 "," 8,048,839 "," 17,584,207 ",17,55,9,13,8,5,,100
669,2023-10-31," 8,975,749 "," 1,203,082 "," 10,178,831 ",12,54,7,20,14,7,,113
670,2023-11-01," 7,158,997 "," 15,901,701 "," 23,060,698 ",12,44,4,17,4,4,,84
671,2023-11-02," 9,521,211 "," 8,829,924 "," 18,351,135 ",19,59,8,19,8,8,,118
672,2023-11-03," 9,982,748 "," 9,065,655 "," 19,048,403 ",6,26,6,16,11,6,,69
673,2023-11-04," 8,399,988 "," 8,295,901 "," 16,695,889 ",15,82,10,27,20,9,,145
674,2023-11-05," 5,319,849 "," 4,574,562 "," 9,894,411 ",1,11,0,2,0,0,,10
675,2023-11-06," 9,932,082 "," 7,412,721 "," 17,344,803 ",4,30,2,7,4,2,,48
676,2023-11-07," 10,662,659 "," 8,298,436 "," 18,961,095 ",28,114,15,37,28,14,,236
677,2023-11-08," 10,259,774 "," 7,887,906 "," 18,147,680 ",17,71,9,20,11,7,,128
678,2023-11-09," 9,453,991 "," 8,820,415 "," 18,274,406 ",6,29,4,9,5,3,,57
679,2023-11-10," 10,844,435 "," 9,270,526 "," 20,114,961 ",15,77,7,24,11,13,,140
680,2023-11-11," 9,059,591 "," 9,105,275 "," 18,164,866 ",12,69,8,8,7,4,,96
681,2023-11-12," 6,488,222 "," 5,123,194 "," 11,611,416 ",9,47,0,11,4,2,,73
682,2023-11-13," 9,008,870 "," 8,698,545 "," 17,707,415 ",12,41,8,18,11,11,,92
683,2023-11-14," 8,957,595 "," 8,665,766 "," 17,623,361 ",15,47,8,16,12,6,,104
684,2023-11-15," 10,612,914 "," 8,642,594 "," 19,255,508 ",9,50,5,14,10,5,,91
685,2023-11-16," 9,725,045 "," 9,576,067 "," 19,301,112 ",0,3,1,3,0,0,,5
686,2023-11-17," 10,842,678 "," 9,263,644 "," 20,106,322 ",25,85,11,32,15,14,,178
687,2023-11-18," 8,549,989 "," 9,080,188 "," 17,630,177 ",14,61,4,10,6,7,,97
688,2023-11-19," 6,864,591 "," 5,567,949 "," 12,432,540 ",14,77,2,10,9,5,,109
689,2023-11-20," 9,329,732 "," 7,638,178 "," 16,967,910 ",22,79,11,17,14,12,,152
690,2023-11-21," 9,627,057 "," 7,795,931 "," 17,422,988 ",11,73,6,18,12,9,,124
691,2023-11-22," 10,920,005 "," 8,506,380 "," 19,426,385 ",7,63,5,21,18,8,,126
692,2023-11-23," 10,476,842 "," 8,986,379 "," 19,463,221 ",26,62,15,25,23,13,,167
693,2023-11-24," 10,905,656 "," 8,940,743 "," 19,846,399 ",6,44,3,15,7,11,,95
694,2023-11-25," 8,752,490 "," 8,939,350 "," 17,691,840 ",10,64,3,8,4,3,,73
695,2023-11-26," 6,955,444 "," 5,827,568 "," 12,783,012 ",4,56,2,14,8,4,,81
696,2023-11-27," 10,403,633 "," 8,503,005 "," 18,906,638 ",21,42,12,24,12,9,,123
697,2023-11-28," 9,598,644 "," 8,577,590 "," 18,176,234 ",14,66,5,24,21,13,,137
698,2023-11-29," 10,404,507 "," 9,607,148 "," 20,011,655 ",9,47,7,17,12,3,,95
699,2023-11-30," 9,869,364 "," 1,084,350 "," 10,953,714 ",8,21,3,9,5,2,,55
700,2023-12-01," 8,547,012 "," 18,925,437 "," 27,472,449 ",15,44,10,8,3,7,,80
701,2023-12-02," 9,015,340 "," 8,017,785 "," 17,033,125 ",9,76,4,13,7,6,,108
702,2023-12-03," 7,468,061 "," 4,117,997 "," 11,586,058 ",12,88,1,12,7,4,,116
703,2023-12-04," 10,812,508 "," 8,571,451 "," 19,383,959 ",20,80,7,21,15,13,,155
704,2023-12-05," 9,639,191 "," 8,465,845 "," 18,105,036 ",12,52,8,21,10,6,,101
705,2023-12-06," 10,398,429 "," 8,964,288 "," 19,362,717 ",9,25,5,13,6,2,,62
706,2023-12-07," 10,210,361 "," 8,949,396 "," 19,159,757 ",30,131,10,29,24,20,,220
707,2023-12-08," 11,254,964 "," 9,206,595 "," 20,461,559 ",11,129,10,18,12,5,,165
708,2023-12-09," 8,523,418 "," 8,752,175 "," 17,275,593 ",14,88,8,22,17,9,,140
709,2023-12-10," 6,015,648 "," 4,540,632 "," 10,556,280 ",11,52,1,12,6,2,,76
710,2023-12-11," 9,831,296 "," 8,952,653 "," 18,783,949 ",0,0,0,0,0,0,,0
711,2023-12-12," 10,341,457 "," 8,825,347 "," 19,166,804 ",30,77,14,29,26,9,,184
712,2023-12-13," 10,832,522 "," 8,759,851 "," 19,592,373 ",11,46,5,18,12,10,,102
713,2023-12-14," 8,597,549 "," 8,811,416 "," 17,408,965 ",0,1,2,5,2,0,,10
714,2023-12-15," 10,563,844 "," 10,375,451 "," 20,939,295 ",4,9,6,11,1,4,,34
715,2023-12-16," 9,017,501 "," 9,313,670 "," 18,331,171 ",19,39,3,15,10,7,,97
716,2023-12-17," 6,388,201 "," 6,371,469 "," 12,759,670 ",0,0,0,0,0,0,,0
717,2023-12-18," 10,173,338 "," 9,618,148 "," 19,791,486 ",13,38,1,8,11,7,,75
718,2023-12-19," 10,523,086 "," 8,900,476 "," 19,423,562 ",7,42,9,14,7,5,,87
719,2023-12-20," 10,102,491 "," 9,170,819 "," 19,273,310 ",29,59,11,10,12,11,,124
720,2023-12-21," 11,842,931 "," 9,824,289 "," 21,667,220 ",9,62,2,4,9,2,,61
721,2023-12-22," 12,002,846 "," 9,817,825 "," 21,820,671 ",6,57,3,13,2,6,,65
722,2023-12-23," 9,436,423 "," 8,307,439 "," 17,743,862 ",17,78,13,17,12,12,,137
723,2023-12-24," 6,640,750 "," 5,368,714 "," 12,009,464 ",18,77,1,11,15,11,,122
724,2023-12-25," 6,010,519 "," 4,622,959 "," 10,633,478 ",19,73,1,22,10,3,,119
725,2023-12-26," 11,186,847 "," 8,259,156 "," 19,446,003 ",28,140,14,27,29,18,,231
726,2023-12-27," 10,623,081 "," 9,275,240 "," 19,898,321 ",21,117,7,30,18,14,,197
727,2023-12-28," 9,853,223 "," 9,103,406 "," 18,956,629 ",12,103,9,22,11,12,,153
728,2023-12-29," 10,438,921 "," 9,261,013 "," 19,699,934 ",11,72,10,15,11,7,,120
729,2023-12-30," 7,473,460 "," 8,164,140 "," 15,637,600 ",2,1,0,7,3,0,,13
730,2023-12-31," 5,934,167 "," 1,106,001 "," 7,040,168 ",16,63,2,15,12,9,,109
731,2024-01-01," 5,012,802 "," 8,146,065 "," 13,158,867 ",7 ,74 ,2 ,8 ,9 ,4 ,,101 
732,2024-01-02," 9,750,455 "," 7,326,795 "," 17,077,250 ",10 ,81 ,11 ,19 ,11 ,14 ,,142 
733,2024-01-03," 9,617,013 "," 8,550,031 "," 18,167,044 ",19 ,52 ,11 ,29 ,6 ,9 ,,131 
734,2024-01-04," 10,567,518 "," 8,370,455 "," 18,937,973 ",13 ,88 ,7 ,21 ,12 ,9 ,,142 
735,2024-01-05," 9,232,083 "," 9,300,968 "," 18,533,051 ",13 ,103 ,9 ,18 ,7 ,14 ,,156 
736,2024-01-06," 8,576,441 "," 8,024,846 "," 16,601,287 ",14 ,69 ,9 ,15 ,8 ,2 ,,106 
737,2024-01-07," 5,957,963 "," 5,064,246 "," 11,022,209 ",20 ,61 ,1 ,12 ,5 ,2 ,,94 
738,2024-01-08," 10,495,687 "," 7,960,248 "," 18,455,935 ",22 ,75 ,11 ,21 ,19 ,15 ,,151 
739,2024-01-09," 7,931,414 "," 7,760,457 "," 15,691,871 ",6 ,4 ,3 ,9 ,1 ,1 ,,27 
740,2024-01-10," 11,060,527 "," 7,508,656 "," 18,569,183 ",36 ,151 ,16 ,32 ,27 ,16 ,,264 
741,2024-01-11," 10,766,826 "," 8,216,658 "," 18,983,484 ",8 ,118 ,8 ,21 ,9 ,10 ,,160 
742,2024-01-12," 10,032,386 "," 9,458,565 "," 19,490,951 ",12 ,109 ,6 ,22 ,15 ,13 ,,160 
743,2024-01-13," 8,476,476 "," 8,297,554 "," 16,774,030 ",16 ,90 ,6 ,23 ,9 ,5 ,,134 
744,2024-01-14," 5,300,562 "," 4,872,247 "," 10,172,809 ",8 ,38 ,2 ,19 ,3 ,5 ,,72 
745,2024-01-15," 11,160,467 "," 7,460,688 "," 18,621,155 ",14 ,68 ,4 ,15 ,17 ,9 ,,134 
746,2024-01-16," 9,712,224 "," 8,147,388 "," 17,859,612 ",19 ,70 ,1 ,21 ,2 ,6 ,,108 
747,2024-01-17," 9,211,099 "," 9,007,344 "," 18,218,443 ",2 ,21 ,4 ,3 ,2 ,2 ,,29 
748,2024-01-18," 10,698,849 "," 8,406,372 "," 19,105,221 ",24 ,127 ,13 ,38 ,27 ,22 ,,239 
749,2024-01-19," 11,061,767 "," 8,573,438 "," 19,635,205 ",10 ,135 ,6 ,21 ,9 ,9 ,,160 
750,2024-01-20," 8,623,821 "," 8,036,310 "," 16,660,131 ",7 ,33 ,3 ,11 ,7 ,5 ,,59 
751,2024-01-21," 7,560,400 "," 4,809,080 "," 12,369,480 ",11 ,58 ,2 ,28 ,15 ,11 ,,125 
752,2024-01-22," 9,954,279 "," 8,433,377 "," 18,387,656 ",0 ,0 ,0 ,0 ,0 ,0 ,,0 
753,2024-01-23," 8,298,329 "," 8,475,063 "," 16,773,392 ",0 ,0 ,0 ,0 ,0 ,0 ,,0 
754,2024-01-24," 10,795,637 "," 8,394,304 "," 19,189,941 ",13 ,36 ,3 ,8 ,8 ,11 ,,67 
755,2024-01-25," 10,021,825 "," 8,391,706 "," 18,413,531 ",16 ,57 ,6 ,14 ,11 ,8 ,,0 
756,2024-01-26," 10,912,578 "," 8,997,845 "," 19,910,423 ",13 ,110 ,5 ,26 ,13 ,11 ,,169 
757,2024-01-27," 8,587,384 "," 8,375,804 "," 16,963,188 ",8 ,116 ,4 ,19 ,12 ,10 ,,147 
758,2024-01-28," 6,780,934 "," 4,707,200 "," 11,488,134 ",8 ,79 ,1 ,12 ,5 ,5 ,,96 
759,2024-01-29," 9,538,540 "," 7,743,887 "," 17,282,427 ",17 ,82 ,9 ,20 ,9 ,13 ,,138 
760,2024-01-30," 10,317,222 "," 7,999,838 "," 18,317,060 ",15 ,69 ,7 ,21 ,13 ,7 ,,126 
761,2024-01-31," 9,899,782 "," 1,192,165 "," 11,091,947 ",10 ,101 ,5 ,21 ,17 ,11 ,,142 
762,2024-02-01," 7,596,086 "," 17,638,881 "," 25,234,967 ",15 ,65 ,6 ,18 ,10 ,9 ,,116 
763,2024-02-02," 11,393,709 "," 8,062,806 "," 19,456,515 ",12 ,89 ,9 ,18 ,7 ,14 ,,139 
764,2024-02-03," 8,500,123 "," 8,183,565 "," 16,683,688 ",7 ,64 ,2 ,16 ,4 ,10 ,,99 
765,2024-02-04," 6,845,711 "," 4,228,036 "," 11,073,747 ",11 ,88 ,1 ,21 ,10 ,10 ,,123 
766,2024-02-05," 10,158,887 "," 8,800,630 "," 18,959,517 ",12 ,20 ,3 ,18 ,3 ,11 ,,67 
767,2024-02-06," 10,972,684 "," 8,603,726 "," 19,576,410 ",35 ,159 ,16 ,37 ,26 ,22 ,,267 
768,2024-02-07," 10,328,672 "," 8,161,980 "," 18,490,652 ",17 ,129 ,9 ,27 ,19 ,13 ,,186 
769,2024-02-08," 13,252,740 "," 8,020,735 "," 21,273,475 ",12 ,167 ,7 ,27 ,16 ,11 ,,220 
770,2024-02-09," 7,128,302 "," 4,511,353 "," 11,639,655 ",10 ,105 ,2 ,9 ,6 ,2 ,,120 
771,2024-02-10," 4,460,458 "," 4,050,928 "," 8,511,386 ",0 ,0 ,0 ,0 ,0 ,0 ,,0 
772,2024-02-11," 5,713,534 "," 4,830,913 "," 10,544,447 ",11 ,55 ,0 ,0 ,10 ,5 ,,84 
773,2024-02-12," 6,543,452 "," 4,697,728 "," 11,241,180 ",13 ,93 ,1 ,16 ,13 ,0 ,,115 
774,2024-02-13," 9,486,638 "," 7,252,530 "," 16,739,168 ",20 ,72 ,16 ,17 ,11 ,18 ,,149 
775,2024-02-14," 9,357,451 "," 8,036,962 "," 17,394,413 ",12 ,65 ,4 ,17 ,9 ,7 ,,100 
776,2024-02-15," 9,574,524 "," 8,272,205 "," 17,846,729 ",22 ,38 ,6 ,20 ,7 ,7 ,,99 
777,2024-02-16," 10,866,411 "," 9,692,781 "," 20,559,192 ",16 ,125 ,8 ,21 ,20 ,11 ,,183 
778,2024-02-17," 9,306,426 "," 8,223,808 "," 17,530,234 ",13 ,102 ,5 ,19 ,12 ,10 ,,135 
779,2024-02-18," 6,427,543 "," 4,772,723 "," 11,200,266 ",3 ,21 ,0 ,9 ,2 ,4 ,,38 
780,2024-02-19," 9,820,236 "," 7,620,703 "," 17,440,939 ",9 ,18 ,2 ,13 ,6 ,5 ,,55 
781,2024-02-20," 9,446,775 "," 8,237,891 "," 17,684,666 ",12 ,65 ,7 ,19 ,8 ,13 ,,111 
782,2024-02-21," 10,224,675 "," 8,597,678 "," 18,822,353 ",0 ,0 ,0 ,0 ,0 ,0 ,,0 
783,2024-02-22," 10,281,427 "," 8,653,125 "," 18,934,552 ",23 ,33 ,6 ,18 ,11 ,11 ,,106 
784,2024-02-23," 11,947,757 "," 9,510,611 "," 21,458,368 ",33 ,191 ,16 ,44 ,28 ,16 ,,304 
785,2024-02-24," 9,354,753 "," 8,023,353 "," 17,378,106 ",11 ,118 ,5 ,19 ,8 ,9 ,,146 
786,2024-02-25," 6,670,045 "," 5,213,241 "," 11,883,286 ",1 ,13 ,1 ,17 ,9 ,8 ,,115 
787,2024-02-26," 10,294,828 "," 8,693,761 "," 18,988,589 ",19 ,121 ,13 ,21 ,18 ,12 ,,193 
788,2024-02-27," 10,463,183 "," 8,719,967 "," 19,183,150 ",9 ,78 ,6 ,20 ,9 ,11 ,,121 
789,2024-02-28," 9,045,876 "," 8,860,363 "," 17,906,239 ",7 ,35 ,1 ,11 ,3 ,10 ,,0 
790,2024-02-29," 10,243,857 "," 1,385,508 "," 11,629,365 ",8 ,85 ,4 ,28 ,8 ,5 ,,110 
791,2024-03-01," 8,253,441 "," 11,441,577 "," 19,695,018 ",6 ,35 ,1 ,6 ,2 ,2 ,,49
792,2024-03-02," 8,782,533 "," 7,325,900 "," 16,108,433 ",7 ,64 ,1 ,19 ,5 ,6 ,,93
793,2024-03-03," 7,397,461 "," 4,216,029 "," 11,613,490 ",15 ,99 ,2 ,19 ,13 ,12 ,,145
794,2024-03-04," 9,143,875 "," 8,475,466 "," 17,619,341 ",20 ,92 ,12 ,16 ,13 ,14 ,,161
795,2024-03-05," 9,687,590 "," 8,564,612 "," 18,252,202 ",7 ,58 ,6 ,23 ,11 ,8 ,,107
796,2024-03-06," 11,059,586 "," 8,728,274 "," 19,787,860 ",13 ,68 ,2 ,20 ,11 ,9 ,,116
797,2024-03-07," 10,209,333 "," 8,323,079 "," 18,532,412 ",19 ,85 ,10 ,30 ,13 ,10 ,,156
798,2024-03-08," 10,686,142 "," 9,580,253 "," 20,266,395 ",24 ,183 ,9 ,30 ,17 ,14 ,,246
799,2024-03-09," 8,473,767 "," 8,447,931 "," 16,921,698 ",19 ,130 ,9 ,18 ,5 ,9 ,,161
800,2024-03-10," 7,084,924 "," 5,050,860 "," 12,135,784 ",7 ,101 ,0 ,14 ,12 ,8 ,,119
801,2024-03-11," 8,595,713 "," 7,761,500 "," 16,357,213 ",12 ,61 ,2 ,24 ,11 ,9 ,,106
802,2024-03-12," 10,199,017 "," 8,555,112 "," 18,754,129 ",25 ,88 ,14 ,31 ,19 ,13 ,,185
803,2024-03-13," 10,596,637 "," 9,166,439 "," 19,763,076 ",23 ,182 ,13 ,24 ,20 ,20 ,,237
804,2024-03-14," 9,302,937 "," 8,566,690 "," 17,869,627 ",11 ,105 ,9 ,24 ,11 ,12 ,,151
805,2024-03-15," 11,406,187 "," 9,422,052 "," 20,828,239 ",8 ,97 ,6 ,26 ,3 ,10 ,,141
806,2024-03-16," 8,506,708 "," 8,855,295 "," 17,362,003 ",17 ,90 ,5 ,20 ,6 ,12 ,,129
807,2024-03-17," 6,293,705 "," 4,763,192 "," 11,056,897 ",11 ,66 ,1 ,22 ,20 ,11 ,,122
808,2024-03-18," 9,793,105 "," 7,949,183 "," 17,742,288 ",24 ,70 ,12 ,26 ,17 ,10 ,,154
809,2024-03-19," 10,455,010 "," 7,962,808 "," 18,417,818 ",44 ,200 ,20 ,36 ,24 ,17 ,,275
810,2024-03-20," 10,394,245 "," 8,584,150 "," 18,978,395 ",13 ,150 ,7 ,24 ,20 ,12 ,,188
811,2024-03-21," 10,700,540 "," 8,964,864 "," 19,665,404 ",17 ,132 ,6 ,15 ,13 ,10 ,,158
812,2024-03-22," 9,059,412 "," 8,944,929 "," 18,004,341 ",1 ,47 ,5 ,13 ,5 ,4 ,,66
813,2024-03-23," 9,652,387 "," 8,302,516 "," 17,954,903 ",32 ,208 ,15 ,36 ,24 ,24 ,,301
814,2024-03-24," 7,368,874 "," 5,280,219 "," 12,649,093 ",8 ,118 ,2 ,16 ,8 ,5 ,,125
815,2024-03-25," 9,658,422 "," 8,571,757 "," 18,230,179 ",1 ,22 ,4 ,5 ,8 ,2 ,,39
816,2024-03-26," 10,773,842 "," 8,072,654 "," 18,846,496 ",25 ,96 ,9 ,26 ,16 ,9 ,,169
817,2024-03-27," 9,854,849 "," 8,208,246 "," 18,063,095 ",13 ,56 ,4 ,26 ,9 ,9 ,,111
818,2024-03-28," 9,991,441 "," 8,860,091 "," 18,851,532 ",13 ,50 ,6 ,24 ,10 ,9 ,,108
819,2024-03-29," 11,761,486 "," 9,358,615 "," 21,120,101 ",37 ,193 ,19 ,41 ,27 ,20 ,,295
820,2024-03-30," 9,554,946 "," 9,721,278 "," 19,276,224 ",19 ,163 ,10 ,30 ,25 ,14 ,,240
821,2024-03-31," 6,391,350 "," 814,639 "," 7,205,989 ",9 ,134 ,3 ,22 ,10 ,4 ,,138
